{
 "params": {
  "hidden": 60,
  "steps": 400,
  "batch": 128,
  "seeds": 4,
  "lr": 0.002,
  "l1": 0.006,
  "velocity": 0.08,
  "max_delay": 30,
  "jitter": 0.35,
  "velocities": [
   0.05,
   0.08,
   0.16,
   0.4
  ],
  "dose": true,
  "device": "mps",
  "dim": 3,
  "smoke": false
 },
 "task_cfg": {
  "n_classes": 6,
  "T_cue": 6,
  "T_delay": 20,
  "T_resp": 6,
  "rate_hi": 0.35,
  "rate_lo": 0.05,
  "l1": 0.006
 },
 "n_in": 18,
 "n_out": 6,
 "economy": {
  "velocity": 0.08,
  "distance": {
   "tbar": [
    14.444248417236363,
    14.61531236259113,
    14.16984781144345,
    14.687218293277558
   ],
   "cost": [
    5389.849609375,
    5341.16162109375,
    5440.8955078125,
    5365.9228515625
   ],
   "acc": [
    0.97021484375,
    0.972412109375,
    0.96826171875,
    0.969970703125
   ],
   "spk": [
    0.4261728823184967,
    0.4088287353515625,
    0.4087371826171875,
    0.38921406865119934
   ]
  },
  "shuffled": {
   "tbar": [
    14.860770676818582,
    15.093537566694398,
    14.298852184287373,
    15.131352057986248
   ],
   "cost": [
    5584.0302734375,
    5553.8193359375,
    5434.4697265625,
    5611.1318359375
   ],
   "acc": [
    0.969970703125,
    0.972900390625,
    0.96875,
    0.971923828125
   ],
   "spk": [
    0.3981170654296875,
    0.39685362577438354,
    0.4256734251976013,
    0.38328754901885986
   ]
  },
  "diffs_tbar": [
   -0.41652225958221933,
   -0.47822520410326774,
   -0.12900437284392297,
   -0.44413376470869004
  ],
  "diffs_cost": [
   -194.1806640625,
   -212.65771484375,
   6.42578125,
   -245.208984375
  ],
  "wins": 4,
  "n": 4,
  "sign_p": 0.125,
  "acc_gap": 0.00067138671875,
  "saving_pct": 2.4718323678931604,
  "reproduces": true,
  "d_tbar_mean": 14.479156721137125,
  "s_tbar_mean": 14.84612812144665,
  "d_acc_mean": 0.97021484375,
  "s_acc_mean": 0.97088623046875
 },
 "dose": [
  {
   "velocity": 0.05,
   "d_tbar": 19.315928096452033,
   "s_tbar": 22.24340840036178,
   "saving": 2.9274803039097463,
   "saving_pct": 13.16111385038689,
   "d_acc": 0.9715576171875,
   "s_acc": 0.97247314453125
  },
  {
   "velocity": 0.08,
   "d_tbar": 14.479156721137125,
   "s_tbar": 14.84612812144665,
   "saving": 0.36697140030952546,
   "saving_pct": 2.4718323678931604,
   "d_acc": 0.97021484375,
   "s_acc": 0.97088623046875
  },
  {
   "velocity": 0.16,
   "d_tbar": 7.475701890360426,
   "s_tbar": 7.454185622872082,
   "saving": -0.021516267488344454,
   "saving_pct": -0.2886467895223652,
   "d_acc": 0.96807861328125,
   "s_acc": 0.96868896484375
  },
  {
   "velocity": 0.4,
   "d_tbar": 2.9993333863102882,
   "s_tbar": 2.988879970935758,
   "saving": -0.010453415374530373,
   "saving_pct": -0.34974356523792366,
   "d_acc": 0.9605712890625,
   "s_acc": 0.96087646484375
  }
 ],
 "dose_monotone": false
}