{
  "_meta": {
    "n": 120,
    "dim": 3,
    "density": 0.2,
    "spectral_radius": 0.95,
    "leak": 0.6,
    "velocity": 0.08,
    "max_delay": 14,
    "seeds": 5,
    "steps": 400,
    "lr": 0.005,
    "batch": 128,
    "reg_lambda": 0.001,
    "ridge_alpha": 1.0,
    "ridge_collect": 20000,
    "regimes": "A",
    "lag": 6,
    "seq_len": 24,
    "n_symbols": 4,
    "device": "cpu",
    "out": "./results/law_reservoir_A.json",
    "wall_seconds": 1113.1436331272125
  },
  "regimes": {
    "A": {
      "regime_object": "gain",
      "records": [
        {
          "acc": 1.0,
          "loss": 0.029462715610861778,
          "cost": {
            "gain": {
              "raw_cost": 4293.7587890625,
              "wmean_tau": 9.721970816098803,
              "mass_sum": 441.6551818847656
            },
            "readout": {
              "raw_cost": 5737.83935546875,
              "wmean_tau": 10.134795310226284,
              "mass_sum": 566.1524658203125
            }
          },
          "cond": "distance",
          "seed": 0
        },
        {
          "acc": 1.0,
          "loss": 0.025176623836159706,
          "cost": {
            "gain": {
              "raw_cost": 4541.81787109375,
              "wmean_tau": 10.376223514016687,
              "mass_sum": 437.7139587402344
            },
            "readout": {
              "raw_cost": 5681.8828125,
              "wmean_tau": 10.39934099800731,
              "mass_sum": 546.3695068359375
            }
          },
          "cond": "shuffled",
          "seed": 0
        },
        {
          "acc": 1.0,
          "loss": 0.03952590748667717,
          "cost": {
            "gain": {
              "raw_cost": 4209.5703125,
              "wmean_tau": 9.936125770155058,
              "mass_sum": 423.66314697265625
            },
            "readout": {
              "raw_cost": 5727.38671875,
              "wmean_tau": 10.244595570077125,
              "mass_sum": 559.064208984375
            }
          },
          "cond": "distance",
          "seed": 1
        },
        {
          "acc": 1.0,
          "loss": 0.029093947261571884,
          "cost": {
            "gain": {
              "raw_cost": 4437.3115234375,
              "wmean_tau": 10.427475522633003,
              "mass_sum": 425.54034423828125
            },
            "readout": {
              "raw_cost": 5760.00341796875,
              "wmean_tau": 10.454335842308756,
              "mass_sum": 550.9678955078125
            }
          },
          "cond": "shuffled",
          "seed": 1
        },
        {
          "acc": 1.0,
          "loss": 0.030408641323447227,
          "cost": {
            "gain": {
              "raw_cost": 4264.33203125,
              "wmean_tau": 9.592029260386107,
              "mass_sum": 444.57037353515625
            },
            "readout": {
              "raw_cost": 5853.4208984375,
              "wmean_tau": 9.953978090389986,
              "mass_sum": 588.0484008789062
            }
          },
          "cond": "distance",
          "seed": 2
        },
        {
          "acc": 1.0,
          "loss": 0.031650789082050323,
          "cost": {
            "gain": {
              "raw_cost": 4515.0029296875,
              "wmean_tau": 10.125668171408321,
              "mass_sum": 445.89678955078125
            },
            "readout": {
              "raw_cost": 5748.61328125,
              "wmean_tau": 10.152716626486024,
              "mass_sum": 566.2142944335938
            }
          },
          "cond": "shuffled",
          "seed": 2
        },
        {
          "acc": 1.0,
          "loss": 0.030760474503040314,
          "cost": {
            "gain": {
              "raw_cost": 4305.068359375,
              "wmean_tau": 9.80868103003455,
              "mass_sum": 438.9039001464844
            },
            "readout": {
              "raw_cost": 5871.7607421875,
              "wmean_tau": 10.190324253239858,
              "mass_sum": 576.2094116210938
            }
          },
          "cond": "distance",
          "seed": 3
        },
        {
          "acc": 1.0,
          "loss": 0.027791956439614296,
          "cost": {
            "gain": {
              "raw_cost": 4604.404296875,
              "wmean_tau": 10.368451268242204,
              "mass_sum": 444.07830810546875
            },
            "readout": {
              "raw_cost": 5954.109375,
              "wmean_tau": 10.306419708191529,
              "mass_sum": 577.7088012695312
            }
          },
          "cond": "shuffled",
          "seed": 3
        },
        {
          "acc": 1.0,
          "loss": 0.030640168115496635,
          "cost": {
            "gain": {
              "raw_cost": 4394.361328125,
              "wmean_tau": 9.764261407793768,
              "mass_sum": 450.0454406738281
            },
            "readout": {
              "raw_cost": 5903.5849609375,
              "wmean_tau": 10.05402611809126,
              "mass_sum": 587.1861572265625
            }
          },
          "cond": "distance",
          "seed": 4
        },
        {
          "acc": 1.0,
          "loss": 0.02344151958823204,
          "cost": {
            "gain": {
              "raw_cost": 4647.73388671875,
              "wmean_tau": 10.336309680151647,
              "mass_sum": 449.65118408203125
            },
            "readout": {
              "raw_cost": 5733.76708984375,
              "wmean_tau": 10.331948144732998,
              "mass_sum": 554.955078125
            }
          },
          "cond": "shuffled",
          "seed": 4
        }
      ],
      "economy": {
        "gain": {
          "raw_cost": {
            "mean_diff": -255.8359375,
            "t": -21.720087248149394,
            "n": 5,
            "n_dist_lt_shuf": 5,
            "sign_p": 0.0625,
            "per_seed": {
              "0": -248.05908203125,
              "1": -227.7412109375,
              "2": -250.6708984375,
              "3": -299.3359375,
              "4": -253.37255859375
            }
          },
          "wmean_tau": {
            "mean_diff": -0.5622119743967147,
            "t": -20.943617411060682,
            "n": 5,
            "n_dist_lt_shuf": 5,
            "sign_p": 0.0625,
            "per_seed": {
              "0": -0.6542526979178831,
              "1": -0.49134975247794443,
              "2": -0.533638911022214,
              "3": -0.559770238207653,
              "4": -0.572048272357879
            }
          }
        },
        "readout": {
          "raw_cost": {
            "mean_diff": 43.12333984375,
            "t": 0.946669862698703,
            "n": 5,
            "n_dist_lt_shuf": 2,
            "sign_p": 1.0,
            "per_seed": {
              "0": 55.95654296875,
              "1": -32.61669921875,
              "2": 104.8076171875,
              "3": -82.3486328125,
              "4": 169.81787109375
            }
          },
          "wmean_tau": {
            "mean_diff": -0.2134083955404204,
            "t": -7.435449057516313,
            "n": 5,
            "n_dist_lt_shuf": 5,
            "sign_p": 0.0625,
            "per_seed": {
              "0": -0.26454568778102505,
              "1": -0.20974027223163105,
              "2": -0.19873853609603742,
              "3": -0.11609545495167062,
              "4": -0.27792202664173793
            }
          }
        }
      },
      "accuracy": {
        "mean_diff": 0.0,
        "per_seed": {
          "0": 0.0,
          "1": 0.0,
          "2": 0.0,
          "3": 0.0,
          "4": 0.0
        },
        "dist_mean": 1.0,
        "shuf_mean": 1.0
      }
    }
  }
}