{
 "velocities": [
  0.3,
  0.16,
  0.08,
  0.05,
  0.035
 ],
 "mean_tau": [
  2.0487589836120605,
  3.6790781021118164,
  7.635638236999512,
  12.11081600189209,
  17.380319595336914
 ],
 "saving": [
  497.8240966796875,
  1062.48583984375,
  1987.41650390625,
  3256.357421875,
  4573.294921875
 ],
 "linear_slope": 263.6015413405679,
 "intercept": 16.167458425981565,
 "r2": 0.9987348467058635
}