{
 "params": {
  "n": 48.0,
  "velocity": 0.08,
  "max_delay": 14.0,
  "dt": 0.15,
  "T": 120.0,
  "opt_steps": 220.0,
  "lr": 0.06,
  "cost_lambda": 0.1,
  "budget": 10.0,
  "budget_pen": 0.02,
  "target_R": 0.9,
  "omega_spread": 0.15,
  "wave_k": 1.3,
  "sigma": 0.5,
  "demand_scale": 0.5,
  "seeds": 4.0,
  "device": "cpu",
  "smoke": 0.0
 },
 "free": {
  "per_condition": {
   "distance": {
    "R": [
     0.8784471154212952,
     0.9023125767707825,
     0.8661632537841797,
     0.8769086599349976
    ],
    "C": [
     157.02273887768388,
     156.88331715017557,
     157.07753102481365,
     157.01326000411063
    ],
    "tau_bar": [
     7.24387788772583,
     7.244752883911133,
     7.244276523590088,
     7.243752956390381
    ],
    "Ksum": [
     21.676612854003906,
     21.65475082397461,
     21.6829833984375,
     21.675678253173828
    ]
   },
   "shuffled": {
    "R": [
     0.8777261972427368,
     0.9006943106651306,
     0.86643385887146,
     0.875427782535553
    ],
    "C": [
     157.03017640206963,
     156.88332575559616,
     157.07466362882406,
     157.0281745409593
    ],
    "tau_bar": [
     7.244307994842529,
     7.244753360748291,
     7.244328022003174,
     7.2443718910217285
    ],
    "Ksum": [
     21.67635154724121,
     21.654752731323242,
     21.68243408203125,
     21.675884246826172
    ]
   }
  },
  "paired": {
   "C": {
    "diffs": [
     -0.007437524385750294,
     -8.605420589447021e-06,
     0.0028673959895968437,
     -0.014914536848664284
    ],
    "mean": -0.004873317666351795,
    "wins": 3,
    "n": 4,
    "sign_p": 0.625,
    "t": -1.2215615675392941
   },
   "tau_bar": {
    "diffs": [
     -0.00043010711669921875,
     -4.76837158203125e-07,
     -5.14984130859375e-05,
     -0.0006189346313476562
    ],
    "mean": -0.0002752542495727539,
    "wins": 4,
    "n": 4,
    "sign_p": 0.125,
    "t": -1.8430152577915409
   }
  },
  "R_gap": 0.0008873641490936279,
  "matched": true,
  "sigma_C": 0.06795624645202218,
  "rel_saving": 3.1039432278534696e-05,
  "economy": false
 },
 "demand": {
  "per_condition": {
   "distance": {
    "R": [
     0.826653242111206,
     0.8375481963157654,
     0.8286477327346802,
     0.8280792832374573
    ],
    "C": [
     3344.558741988614,
     3362.0836607702076,
     3359.6949194595218,
     3319.758853022009
    ],
    "tau_bar": [
     5.8796892166137695,
     5.87191915512085,
     5.846648216247559,
     5.870234489440918
    ],
    "Ksum": [
     568.83251953125,
     572.56982421875,
     574.6360473632812,
     565.5240478515625
    ]
   },
   "shuffled": {
    "R": [
     0.8532583117485046,
     0.8526665568351746,
     0.8543444275856018,
     0.8607813715934753
    ],
    "C": [
     4307.630382690579,
     4346.234742844477,
     4360.722319658846,
     4285.252271314152
    ],
    "tau_bar": [
     7.572756290435791,
     7.590750694274902,
     7.588667869567871,
     7.577489376068115
    ],
    "Ksum": [
     568.83251953125,
     572.56982421875,
     574.6360473632812,
     565.5240478515625
    ]
   }
  },
  "paired": {
   "C": {
    "diffs": [
     -963.0716407019645,
     -984.1510820742697,
     -1001.0274001993239,
     -965.4934182921425
    ],
    "mean": -978.4358853169251,
    "wins": 4,
    "n": 4,
    "sign_p": 0.125,
    "t": -110.16357694730058
   },
   "tau_bar": {
    "diffs": [
     -1.6930670738220215,
     -1.7188315391540527,
     -1.7420196533203125,
     -1.7072548866271973
    ],
    "mean": -1.715293288230896,
    "wins": 4,
    "n": 4,
    "sign_p": 0.125,
    "t": -165.73086246688692
   }
  },
  "R_gap": 0.025030553340911865,
  "matched": true,
  "sigma_C": 40.1778986747285,
  "rel_saving": 0.2262300463704922,
  "economy": true
 },
 "analytic": {
  "distance_C": 3342.206298828125,
  "shuffled_C": 4322.77587890625,
  "saving": 980.569580078125,
  "rel_saving": 0.22683794106994093,
  "holds": true
 },
 "dose": {
  "velocity": [
   0.3,
   0.16,
   0.08,
   0.05,
   0.035
  ],
  "mean_tau": [
   2.0487589836120605,
   3.6790781021118164,
   7.635638236999512,
   12.11081600189209,
   17.380319595336914
  ],
  "saving": [
   497.82414603867073,
   1062.4856386288566,
   1987.416543096122,
   3256.357309893954,
   4573.296723323991
  ],
  "rel": [
   0.21362908315238344,
   0.2543031332037048,
   0.22910311926499438,
   0.2365340859579856,
   0.23145003976742384
  ],
  "linear_slope": 263.6016435695904,
  "intercept": 16.166897589365604,
  "r2": 0.9987348602871177
 }
}