{
  "config": {
    "n_det": 24,
    "K": 4,
    "d_ipsi": 2.0,
    "d_contra_lo": 5.0,
    "d_contra_hi": 14.0,
    "det_spread": 1.0,
    "v_min": 0.3,
    "v_max": 8.0,
    "v0": 2.0,
    "min_delay": 1,
    "max_delay": 24,
    "alpha": 0.4,
    "T": 28,
    "mu": 0.02,
    "steps": 500,
    "lr": 0.005,
    "lr_v": 0.15
  },
  "seeds": 5,
  "device": "mps",
  "minutes": 2.47,
  "ideal_ratio": {
    "mean": 4.732418251037598,
    "sd": 0.1282047242955816,
    "t": 82.53992951838069,
    "n": 5
  },
  "ratio_itd": {
    "mean": 5.017199599211044,
    "sd": 0.1513590660115356,
    "t": 74.12043200415607,
    "n": 5
  },
  "ratio_ko": {
    "mean": 0.9999963136773387,
    "sd": 1.020931661629597e-05,
    "t": 219021.48975011357,
    "n": 5
  },
  "ratio_shuf": {
    "mean": 0.9498254136239643,
    "sd": 0.11919930667647506,
    "t": 17.81784014385717,
    "n": 5
  },
  "corr_v_len_itd": {
    "mean": 0.9717916201271951,
    "sd": 0.00090415627482294,
    "t": 2403.3368822160705,
    "n": 5
  },
  "corr_v_len_ko": {
    "mean": -0.07275484022759,
    "sd": 0.08448610091168539,
    "t": -1.925580263327389,
    "n": 5
  },
  "arr_diff_itd": {
    "mean": 0.0027713080402463675,
    "sd": 0.0012734158610081272,
    "t": 4.866307507491499,
    "n": 5
  },
  "arr_diff_ko": {
    "mean": 16.238140869140626,
    "sd": 0.23994994879956574,
    "t": 151.32150264364495,
    "n": 5
  },
  "arr_diff_shuf": {
    "mean": 8.725139236450195,
    "sd": 0.4727562140721744,
    "t": 41.26863669924116,
    "n": 5
  },
  "arr_diff_uniform": {
    "mean": 2.6147820949554443,
    "sd": 0.04954665267922586,
    "t": 118.00656945532,
    "n": 5
  },
  "v_grad_alive": true,
  "rows": [
    {
      "seed": 0,
      "ideal_ratio": 4.84390115737915,
      "v_grad_nonzero": 36,
      "ratio_itd": 5.1799410473741565,
      "corr_v_len_itd": 0.971000442245674,
      "arr_diff_itd": 0.0035956997890025377,
      "arr_diff_norm_itd": 0.0009110184037126601,
      "ratio_ko": 0.9999886650918044,
      "corr_v_len_ko": -0.2033578649537891,
      "arr_diff_ko": 16.042280197143555,
      "ratio_shuf": 1.0179903938609574,
      "arr_diff_shuf": 8.514311790466309,
      "arr_diff_uniform": 2.536137342453003,
      "v_uniform": 2.739656771501908
    },
    {
      "seed": 1,
      "ideal_ratio": 4.664956092834473,
      "v_grad_nonzero": 38,
      "ratio_itd": 4.9139339658931185,
      "corr_v_len_itd": 0.973294785889478,
      "arr_diff_itd": 0.002380500314757228,
      "arr_diff_norm_itd": 0.0006220224313437939,
      "ratio_ko": 0.9999943817660908,
      "corr_v_len_ko": -0.09370374231386602,
      "arr_diff_ko": 16.280515670776367,
      "ratio_shuf": 0.8551336064955462,
      "arr_diff_shuf": 8.792598724365234,
      "arr_diff_uniform": 2.6408400535583496,
      "v_uniform": 2.56257128764153
    },
    {
      "seed": 2,
      "ideal_ratio": 4.589838027954102,
      "v_grad_nonzero": 35,
      "ratio_itd": 4.8227675764954245,
      "corr_v_len_itd": 0.9708478513006654,
      "arr_diff_itd": 0.0014909108867868781,
      "arr_diff_norm_itd": 0.0003889345971401781,
      "ratio_ko": 0.9999830468263412,
      "corr_v_len_ko": -0.10040191796560086,
      "arr_diff_ko": 16.403541564941406,
      "ratio_shuf": 0.9448923033296973,
      "arr_diff_shuf": 8.633410453796387,
      "arr_diff_uniform": 2.6832730770111084,
      "v_uniform": 2.492260420602512
    },
    {
      "seed": 3,
      "ideal_ratio": 4.640247344970703,
      "v_grad_nonzero": 35,
      "ratio_itd": 4.9612093623613,
      "corr_v_len_itd": 0.9715303811431926,
      "arr_diff_itd": 0.004819154739379883,
      "arr_diff_norm_itd": 0.0012087458744645119,
      "ratio_ko": 1.0000110392834873,
      "corr_v_len_ko": 0.04304577177405301,
      "arr_diff_ko": 15.900299072265625,
      "ratio_shuf": 1.134241733324086,
      "arr_diff_shuf": 8.124201774597168,
      "arr_diff_uniform": 2.5896129608154297,
      "v_uniform": 2.585374636667147
    },
    {
      "seed": 4,
      "ideal_ratio": 4.9231486320495605,
      "v_grad_nonzero": 38,
      "ratio_itd": 5.208146043931218,
      "corr_v_len_itd": 0.9722846400569656,
      "arr_diff_itd": 0.0015702744713053107,
      "arr_diff_norm_itd": 0.00040342993452213705,
      "ratio_ko": 1.0000044354189692,
      "corr_v_len_ko": -0.00935644767874697,
      "arr_diff_ko": 16.564067840576172,
      "ratio_shuf": 0.7968690311095343,
      "arr_diff_shuf": 9.561173439025879,
      "arr_diff_uniform": 2.624047040939331,
      "v_uniform": 2.716933877340023
    }
  ],
  "verdict": "AUDITORY-BRAINSTEM ISOCHRONY REPRODUCED + KNOCKOUT (coincidence objective tunes per-branch velocity; absent without it)"
}