{
  "config": {
    "n_det": 24,
    "K": 4,
    "d_ipsi": 2.0,
    "d_contra_lo": 5.0,
    "d_contra_hi": 14.0,
    "det_spread": 1.0,
    "v_min": 0.3,
    "v_max": 8.0,
    "v0": 2.0,
    "min_delay": 1,
    "max_delay": 24,
    "alpha": 0.4,
    "T": 28,
    "mu": 0.02,
    "steps": 500,
    "lr": 0.005,
    "lr_v": 0.15,
    "itd_span": 3.0
  },
  "seeds": 5,
  "device": "mps",
  "minutes": 2.83,
  "ideal_ratio": {
    "mean": 4.732418251037598,
    "sd": 0.1282047242955816,
    "t": 82.53992951838069,
    "n": 5
  },
  "ratio_itd": {
    "mean": 6.278778607498371,
    "sd": 0.5593773982259125,
    "t": 25.0989328967626,
    "n": 5
  },
  "ratio_ko": {
    "mean": 0.9999963136773387,
    "sd": 1.020931661629597e-05,
    "t": 219021.48975011357,
    "n": 5
  },
  "ratio_shuf": {
    "mean": 1.0234275252701095,
    "sd": 0.2580873320767827,
    "t": 8.86697343156509,
    "n": 5
  },
  "corr_v_len_itd": {
    "mean": 0.7900834158739101,
    "sd": 0.051756881301255504,
    "t": 34.134209430166024,
    "n": 5
  },
  "corr_v_len_ko": {
    "mean": -0.07275484022759,
    "sd": 0.08448610091168539,
    "t": -1.925580263327389,
    "n": 5
  },
  "arr_diff_itd": {
    "mean": 0.002896515536122024,
    "sd": 0.002249925498015777,
    "t": 2.8786756016432666,
    "n": 5
  },
  "arr_diff_ko": {
    "mean": 16.243069458007813,
    "sd": 0.1673932183514469,
    "t": 216.97777143575777,
    "n": 5
  },
  "arr_diff_shuf": {
    "mean": 9.790398788452148,
    "sd": 0.35159545727107416,
    "t": 62.26473284873026,
    "n": 5
  },
  "arr_diff_uniform": {
    "mean": 2.6968602657318117,
    "sd": 0.07567143575445716,
    "t": 79.6914029695714,
    "n": 5
  },
  "v_grad_alive": true,
  "rows": [
    {
      "seed": 0,
      "ideal_ratio": 4.84390115737915,
      "v_grad_nonzero": 36,
      "ratio_itd": 6.005992601225352,
      "corr_v_len_itd": 0.814627090730515,
      "arr_diff_itd": 0.0012328376760706306,
      "arr_diff_norm_itd": 0.00028010833193548024,
      "ratio_ko": 0.9999886650918044,
      "corr_v_len_ko": -0.2033578649537891,
      "arr_diff_ko": 16.026132583618164,
      "ratio_shuf": 0.7808191668105509,
      "arr_diff_shuf": 9.750648498535156,
      "arr_diff_uniform": 2.74704909324646,
      "v_uniform": 2.6920144574522493,
      "corr_itd_itd": 0.9999999112135921,
      "corr_itd_uniform": 0.03872947131628725,
      "corr_itd_ko": -0.05151257278412709
    },
    {
      "seed": 1,
      "ideal_ratio": 4.664956092834473,
      "v_grad_nonzero": 38,
      "ratio_itd": 6.358311068330159,
      "corr_v_len_itd": 0.7482938936142827,
      "arr_diff_itd": 0.007310718297958374,
      "arr_diff_norm_itd": 0.0016409503296017647,
      "ratio_ko": 0.9999943817660908,
      "corr_v_len_ko": -0.09370374231386602,
      "arr_diff_ko": 16.128286361694336,
      "ratio_shuf": 1.1944034342169898,
      "arr_diff_shuf": 9.527549743652344,
      "arr_diff_uniform": 2.5561437606811523,
      "v_uniform": 2.7117007408920446,
      "corr_itd_itd": 0.9999391313061998,
      "corr_itd_uniform": 0.01431525246816843,
      "corr_itd_ko": 0.07996537937482333
    },
    {
      "seed": 2,
      "ideal_ratio": 4.589838027954102,
      "v_grad_nonzero": 35,
      "ratio_itd": 6.554251287401972,
      "corr_v_len_itd": 0.7201763957652191,
      "arr_diff_itd": 0.0018777152290567756,
      "arr_diff_norm_itd": 0.000412779045291245,
      "ratio_ko": 0.9999830468263412,
      "corr_v_len_ko": -0.10040191796560086,
      "arr_diff_ko": 16.51226043701172,
      "ratio_shuf": 1.1249999242573892,
      "arr_diff_shuf": 10.29726505279541,
      "arr_diff_uniform": 2.771613359451294,
      "v_uniform": 2.600809571915732,
      "corr_itd_itd": 0.9999989850493881,
      "corr_itd_uniform": 0.0972813401056442,
      "corr_itd_ko": 0.17709474629421373
    },
    {
      "seed": 3,
      "ideal_ratio": 4.640247344970703,
      "v_grad_nonzero": 35,
      "ratio_itd": 7.0756763656178325,
      "corr_v_len_itd": 0.7993064325638926,
      "arr_diff_itd": 0.0025407522916793823,
      "arr_diff_norm_itd": 0.0005889842286705971,
      "ratio_ko": 1.0000110392834873,
      "corr_v_len_ko": 0.04304577177405301,
      "arr_diff_ko": 16.326520919799805,
      "ratio_shuf": 1.3506480112076567,
      "arr_diff_shuf": 9.32107925415039,
      "arr_diff_uniform": 2.687451124191284,
      "v_uniform": 3.0216324204387566,
      "corr_itd_itd": 0.9999915615213253,
      "corr_itd_uniform": -0.1558123894166778,
      "corr_itd_ko": -0.1887494827961988
    },
    {
      "seed": 4,
      "ideal_ratio": 4.9231486320495605,
      "v_grad_nonzero": 38,
      "ratio_itd": 5.399661714916536,
      "corr_v_len_itd": 0.8680132666956407,
      "arr_diff_itd": 0.0015205541858449578,
      "arr_diff_norm_itd": 0.0003460788866505027,
      "ratio_ko": 1.0000044354189692,
      "corr_v_len_ko": -0.00935644767874697,
      "arr_diff_ko": 16.22214698791504,
      "ratio_shuf": 0.6662670898579619,
      "arr_diff_shuf": 10.055451393127441,
      "arr_diff_uniform": 2.722043991088867,
      "v_uniform": 2.5561369005980588,
      "corr_itd_itd": 0.9999995973373828,
      "corr_itd_uniform": -0.23605805468777358,
      "corr_itd_ko": -0.3226297549082455
    }
  ],
  "verdict": "AUDITORY-BRAINSTEM ISOCHRONY REPRODUCED + KNOCKOUT (coincidence objective tunes per-branch velocity; absent without it)"
}