{
  "config": {
    "N": 64,
    "K": 3,
    "R": 0.5,
    "gap": 2.6,
    "spread": 1.0,
    "n_bridge": 4,
    "v_min": 0.16,
    "v_max": 3.0,
    "v0": 1.0,
    "min_delay": 1,
    "max_delay": 24,
    "alpha": 0.4,
    "T": 16,
    "read_window": 3,
    "steps": 400,
    "lr": 0.005,
    "lr_v": 0.1,
    "l1": 0.001,
    "lam_M": 0.0012,
    "imp_subsample": null
  },
  "deadlines": [
    4,
    6,
    8,
    10,
    14
  ],
  "seeds": 6,
  "minutes": 25.56,
  "rows": [
    {
      "deadline": 4,
      "seed": 0,
      "plastic_ho": 0.6695963889360428,
      "uniform_ho": 0.5068359524011612,
      "shuffle_ho": 0.5068359524011612,
      "gap": 0.1627604365348816,
      "gap_vs_shuffle": 0.1627604365348816,
      "corr_v_len": 0.3479966142970374,
      "corr_tau_dist_plastic": 0.9109424069760941,
      "corr_tau_dist_uniform": 0.9875053347026392,
      "v_bridge": 0.5545613169670105,
      "v_nonbridge": 0.16291092336177826,
      "M_star": 3.0352888107299805,
      "M_uniform": 3.0352883338928223,
      "v_uniform": 0.18019238811925892
    },
    {
      "deadline": 4,
      "seed": 1,
      "plastic_ho": 0.490885429084301,
      "uniform_ho": 0.490885429084301,
      "shuffle_ho": 0.490885429084301,
      "gap": 0.0,
      "gap_vs_shuffle": 0.0,
      "corr_v_len": 0.09744298395071699,
      "corr_tau_dist_plastic": 0.9898065478516992,
      "corr_tau_dist_uniform": 0.9897957430030391,
      "v_bridge": 0.16298571228981018,
      "v_nonbridge": 0.16291238367557526,
      "M_star": 0.4511388838291168,
      "M_uniform": 0.4511394798755646,
      "v_uniform": 0.16291506567468425
    },
    {
      "deadline": 4,
      "seed": 2,
      "plastic_ho": 0.5065104439854622,
      "uniform_ho": 0.5065104439854622,
      "shuffle_ho": 0.5065104439854622,
      "gap": 0.0,
      "gap_vs_shuffle": 0.0,
      "corr_v_len": 0.3419952982617405,
      "corr_tau_dist_plastic": 0.9936663165648709,
      "corr_tau_dist_uniform": 0.9936268465861524,
      "v_bridge": 0.16319984197616577,
      "v_nonbridge": 0.16291382908821106,
      "M_star": 0.4841475188732147,
      "M_uniform": 0.4841468930244446,
      "v_uniform": 0.16292562294794824
    },
    {
      "deadline": 4,
      "seed": 3,
      "plastic_ho": 0.5061849057674408,
      "uniform_ho": 0.5061849057674408,
      "shuffle_ho": 0.5061849057674408,
      "gap": 0.0,
      "gap_vs_shuffle": 0.0,
      "corr_v_len": 0.4836988988839894,
      "corr_tau_dist_plastic": 0.9915993450876754,
      "corr_tau_dist_uniform": 0.9914577014011139,
      "v_bridge": 0.1639099419116974,
      "v_nonbridge": 0.16291430592536926,
      "M_star": 0.4098391830921173,
      "M_uniform": 0.4098396897315979,
      "v_uniform": 0.1629627194696606
    },
    {
      "deadline": 4,
      "seed": 4,
      "plastic_ho": 0.4830729216337204,
      "uniform_ho": 0.4830729216337204,
      "shuffle_ho": 0.4830729216337204,
      "gap": 0.0,
      "gap_vs_shuffle": 0.0,
      "corr_v_len": -0.26108957174074965,
      "corr_tau_dist_plastic": 0.9915804787352713,
      "corr_tau_dist_uniform": 0.9916168874567842,
      "v_bridge": 0.16271764039993286,
      "v_nonbridge": 0.16291339695453644,
      "M_star": 0.4419856071472168,
      "M_uniform": 0.44198545813560486,
      "v_uniform": 0.16290486295301912
    },
    {
      "deadline": 4,
      "seed": 5,
      "plastic_ho": 0.497721366584301,
      "uniform_ho": 0.497721366584301,
      "shuffle_ho": 0.497721366584301,
      "gap": 0.0,
      "gap_vs_shuffle": 0.0,
      "corr_v_len": 0.607104154261836,
      "corr_tau_dist_plastic": 0.9916414607520907,
      "corr_tau_dist_uniform": 0.991434149153819,
      "v_bridge": 0.16410204768180847,
      "v_nonbridge": 0.16290989518165588,
      "M_star": 0.4286450147628784,
      "M_uniform": 0.4286457896232605,
      "v_uniform": 0.16296540069758225
    },
    {
      "deadline": 6,
      "seed": 0,
      "plastic_ho": 0.9208984524011612,
      "uniform_ho": 0.5068359524011612,
      "shuffle_ho": 0.5068359524011612,
      "gap": 0.4140625,
      "gap_vs_shuffle": 0.4140625,
      "corr_v_len": 0.6129284680630886,
      "corr_tau_dist_plastic": 0.6849710632417927,
      "corr_tau_dist_uniform": 0.9719127462200928,
      "v_bridge": 1.349713921546936,
      "v_nonbridge": 0.1699502319097519,
      "M_star": 9.714761734008789,
      "M_uniform": 9.714761734008789,
      "v_uniform": 0.22462786629258297
    },
    {
      "deadline": 6,
      "seed": 1,
      "plastic_ho": 0.9179687649011612,
      "uniform_ho": 0.490885429084301,
      "shuffle_ho": 0.490885429084301,
      "gap": 0.4270833358168602,
      "gap_vs_shuffle": 0.4270833358168602,
      "corr_v_len": 0.6046313440701554,
      "corr_tau_dist_plastic": 0.6847502572709664,
      "corr_tau_dist_uniform": 0.9720373936887682,
      "v_bridge": 1.2828792333602905,
      "v_nonbridge": 0.16972653567790985,
      "M_star": 9.15666675567627,
      "M_uniform": 9.15666675567627,
      "v_uniform": 0.21916644720898137
    },
    {
      "deadline": 6,
      "seed": 2,
      "plastic_ho": 0.833333358168602,
      "uniform_ho": 0.5065104439854622,
      "shuffle_ho": 0.5065104439854622,
      "gap": 0.3268229141831398,
      "gap_vs_shuffle": 0.3268229141831398,
      "corr_v_len": 0.3594501509789082,
      "corr_tau_dist_plastic": 0.8885395410063152,
      "corr_tau_dist_uniform": 0.989046282993971,
      "v_bridge": 0.5682637095451355,
      "v_nonbridge": 0.1673753261566162,
      "M_star": 4.227536201477051,
      "M_uniform": 4.227535724639893,
      "v_uniform": 0.18554629827104843
    },
    {
      "deadline": 6,
      "seed": 3,
      "plastic_ho": 0.8274739682674408,
      "uniform_ho": 0.5061849057674408,
      "shuffle_ho": 0.5061849057674408,
      "gap": 0.3212890625,
      "gap_vs_shuffle": 0.3212890625,
      "corr_v_len": 0.36063441235758753,
      "corr_tau_dist_plastic": 0.8929173839555956,
      "corr_tau_dist_uniform": 0.9862219492339904,
      "v_bridge": 0.5609118342399597,
      "v_nonbridge": 0.16603048145771027,
      "M_star": 3.612787961959839,
      "M_uniform": 3.612787961959839,
      "v_uniform": 0.18611677378892294
    },
    {
      "deadline": 6,
      "seed": 4,
      "plastic_ho": 0.9238281548023224,
      "uniform_ho": 0.4882812574505806,
      "shuffle_ho": 0.4882812574505806,
      "gap": 0.4355468973517418,
      "gap_vs_shuffle": 0.4355468973517418,
      "corr_v_len": 0.6162582447418818,
      "corr_tau_dist_plastic": 0.6723626851940093,
      "corr_tau_dist_uniform": 0.9755154395755395,
      "v_bridge": 1.2878488302230835,
      "v_nonbridge": 0.1699202060699463,
      "M_star": 9.107291221618652,
      "M_uniform": 9.107292175292969,
      "v_uniform": 0.21985586961256953
    },
    {
      "deadline": 6,
      "seed": 5,
      "plastic_ho": 0.9143880307674408,
      "uniform_ho": 0.5022786632180214,
      "shuffle_ho": 0.497721366584301,
      "gap": 0.4121093675494194,
      "gap_vs_shuffle": 0.4166666641831398,
      "corr_v_len": 0.6143694793023097,
      "corr_tau_dist_plastic": 0.6997816649676137,
      "corr_tau_dist_uniform": 0.9747187925090047,
      "v_bridge": 1.306230902671814,
      "v_nonbridge": 0.16569264233112335,
      "M_star": 8.56570816040039,
      "M_uniform": 8.565710067749023,
      "v_uniform": 0.2192582581840799
    },
    {
      "deadline": 8,
      "seed": 0,
      "plastic_ho": 1.0,
      "uniform_ho": 0.6728515923023224,
      "shuffle_ho": 0.6728515923023224,
      "gap": 0.3271484076976776,
      "gap_vs_shuffle": 0.3271484076976776,
      "corr_v_len": 0.6279889627119672,
      "corr_tau_dist_plastic": 0.6248741264501105,
      "corr_tau_dist_uniform": 0.9626397737794499,
      "v_bridge": 1.3422764539718628,
      "v_nonbridge": 0.18521545827388763,
      "M_star": 12.494701385498047,
      "M_uniform": 12.494702339172363,
      "v_uniform": 0.24312153325190222
    },
    {
      "deadline": 8,
      "seed": 1,
      "plastic_ho": 1.0,
      "uniform_ho": 0.490885429084301,
      "shuffle_ho": 0.6585286557674408,