{
  "config": {
    "N": 64,
    "K": 3,
    "R": 0.5,
    "gap": 2.6,
    "spread": 1.0,
    "n_bridge": 4,
    "v_min": 0.16,
    "v_max": 3.0,
    "v0": 1.0,
    "min_delay": 1,
    "max_delay": 24,
    "alpha": 0.4,
    "T": 16,
    "read_window": 3,
    "deadline": 6,
    "steps": 400,
    "lr": 0.005,
    "lr_v": 0.1,
    "l1": 0.001,
    "lam_M": 0.0012,
    "imp_subsample": null
  },
  "seeds": 3,
  "device": "cpu",
  "minutes": 28.78,
  "matched_myelin_ok": true,
  "v_learns": true,
  "plastic_ho": 0.8907335102558136,
  "plastic_tr": 0.8918185830116272,
  "uniform_ho": 0.5014105861385664,
  "shuffle_ho": 0.5014105861385664,
  "heldout_gap_plastic_minus_uniform": {
    "mean": 0.3893229241172473,
    "sd": 0.04451272447801994,
    "t": 15.149085863196998,
    "wins": 3
  },
  "heldout_gap_plastic_minus_shuffle": {
    "mean": 0.3893229241172473,
    "sd": 0.04451272447801994,
    "t": 15.149085863196998,
    "wins": 3
  },
  "corr_v_implen": 0.460997917217629,
  "corr_v_len": 0.5256699910094151,
  "v_bridge": 1.0669522484143574,
  "v_nonbridge": 0.16901735961437225,
  "corr_val_dist_plastic": 0.0030293876782002452,
  "corr_val_dist_uniform": -0.03155439795825511,
  "corr_tau_dist_plastic": 0.7527536253795075,
  "corr_tau_dist_uniform": 0.9776654734661095,
  "rows": [
    {
      "seed": 0,
      "n_edges": 474,
      "frac_pairs": 0.008438818156719208,
      "v_grad_nonzero": 4,
      "v_grad_norm": 0.010984383523464203,
      "v_moved": 0.8291914463043213,
      "M_star": 9.714760780334473,
      "M_uniform": 9.714761734008789,
      "M_shuf": 3.204559326171875,
      "v_uniform": 0.22462786650858213,
      "plastic_ho": 0.9208984524011612,
      "plastic_tr": 0.9182942807674408,
      "uniform_ho": 0.5068359300494194,
      "shuffle_ho": 0.5068359300494194,
      "gap": 0.4140625223517418,
      "gap_vs_shuffle": 0.4140625223517418,
      "corr_v_implen": -0.2894167576409767,
      "corr_v_len": 0.612928475363085,
      "v_bridge": 1.3497138023376465,
      "v_nonbridge": 0.1699502170085907,
      "corr_val_dist_plastic": -0.00949095292419589,
      "corr_val_dist_uniform": -0.030174984373508844,
      "corr_tau_dist_plastic": 0.6849710630842091,
      "corr_tau_dist_uniform": 0.9719127457502152
    },
    {
      "seed": 1,
      "n_edges": 489,
      "frac_pairs": 0.008179958909749985,
      "v_grad_nonzero": 4,
      "v_grad_norm": 0.011475037783384323,
      "v_moved": 0.8293005228042603,
      "M_star": 9.15666675567627,
      "M_uniform": 9.15666675567627,
      "M_shuf": 2.8058485984802246,
      "v_uniform": 0.21916644720898137,
      "plastic_ho": 0.91796875,
      "plastic_tr": 0.9238281399011612,
      "uniform_ho": 0.4908854141831398,
      "shuffle_ho": 0.4908854141831398,
      "gap": 0.4270833358168602,
      "gap_vs_shuffle": 0.4270833358168602,
      "corr_v_implen": 0.7353292246845048,
      "corr_v_len": 0.6046313319190788,
      "v_bridge": 1.2828792333602905,
      "v_nonbridge": 0.16972653567790985,
      "corr_val_dist_plastic": 0.010181754466794852,
      "corr_val_dist_uniform": -0.06023404254003003,
      "corr_tau_dist_plastic": 0.6847502704491405,
      "corr_tau_dist_uniform": 0.9720373925097475
    },
    {
      "seed": 2,
      "n_edges": 523,
      "frac_pairs": 0.00764818349853158,
      "v_grad_nonzero": 4,
      "v_grad_norm": 0.01384578738361597,
      "v_moved": 0.8331179618835449,
      "M_star": 4.227535724639893,
      "M_uniform": 4.227535724639893,
      "M_shuf": 1.7061786651611328,
      "v_uniform": 0.185546297745131,
      "plastic_ho": 0.8333333283662796,
      "plastic_tr": 0.8333333283662796,
      "uniform_ho": 0.5065104141831398,
      "shuffle_ho": 0.5065104141831398,
      "gap": 0.3268229141831398,
      "gap_vs_shuffle": 0.3268229141831398,
      "corr_v_implen": 0.9370812846093589,
      "corr_v_len": 0.3594501657460816,
      "v_bridge": 0.5682637095451355,
      "v_nonbridge": 0.1673753261566162,
      "corr_val_dist_plastic": 0.008397361492001773,
      "corr_val_dist_uniform": -0.0042541669612264675,
      "corr_tau_dist_plastic": 0.8885395426051731,
      "corr_tau_dist_uniform": 0.9890462821383659
    }
  ],
  "verdict": "FUNCTIONAL (plastic-v beats uniform-v at matched myelin)"
}