{
  "config": {
    "N": 64,
    "K": 3,
    "R": 0.5,
    "gap": 2.6,
    "spread": 1.0,
    "n_bridge": 4,
    "v_min": 0.16,
    "v_max": 3.0,
    "v0": 1.0,
    "min_delay": 1,
    "max_delay": 24,
    "alpha": 0.4,
    "T": 16,
    "read_window": 3,
    "deadline": 6,
    "steps": 400,
    "lr": 0.005,
    "lr_v": 0.1,
    "l1": 0.001,
    "lam_M": 0.0012,
    "imp_subsample": null
  },
  "seeds": 10,
  "device": "cuda",
  "minutes": 8.39,
  "matched_myelin_ok": true,
  "v_learns": true,
  "plastic_ho": 0.8455078296363354,
  "plastic_tr": 0.8437174700200558,
  "uniform_ho": 0.5010742343962192,
  "shuffle_ho": 0.5006185047328472,
  "heldout_gap_plastic_minus_uniform": {
    "mean": 0.34443359524011613,
    "sd": 0.1222814566907062,
    "t": 8.907275830007999,
    "wins": 9
  },
  "heldout_gap_plastic_minus_shuffle": {
    "mean": 0.34488932490348817,
    "sd": 0.12254104443214466,
    "t": 8.900167388215616,
    "wins": 9
  },
  "corr_v_implen": 0.5571625916654636,
  "corr_v_len": 0.48475692274112775,
  "v_bridge": 0.8598619028925896,
  "v_nonbridge": 0.16716096103191375,
  "corr_val_dist_plastic": -0.021901132437841423,
  "corr_val_dist_uniform": -0.04052405933308447,
  "corr_tau_dist_plastic": 0.8100844131296068,
  "corr_tau_dist_uniform": 0.9816704820544379,
  "rows": [
    {
      "seed": 0,
      "n_edges": 474,
      "frac_pairs": 0.008438818156719208,
      "v_grad_nonzero": 4,
      "v_grad_norm": 0.010984386317431927,
      "v_moved": 0.8291914463043213,
      "M_star": 9.714761734008789,
      "M_uniform": 9.714761734008789,
      "M_shuf": 3.204559803009033,
      "v_uniform": 0.22462786629258297,
      "plastic_ho": 0.9208984524011612,
      "plastic_tr": 0.9182942807674408,
      "uniform_ho": 0.5068359524011612,
      "shuffle_ho": 0.5068359524011612,
      "gap": 0.4140625,
      "gap_vs_shuffle": 0.4140625,
      "corr_v_implen": -0.2894169362272335,
      "corr_v_len": 0.6129284680630886,
      "v_bridge": 1.349713921546936,
      "v_nonbridge": 0.1699502319097519,
      "corr_val_dist_plastic": -0.009490990261699594,
      "corr_val_dist_uniform": -0.030174893324010924,
      "corr_tau_dist_plastic": 0.6849710632417927,
      "corr_tau_dist_uniform": 0.9719127462200928
    },
    {
      "seed": 1,
      "n_edges": 489,
      "frac_pairs": 0.008179958909749985,
      "v_grad_nonzero": 4,
      "v_grad_norm": 0.01147504523396492,
      "v_moved": 0.8293006420135498,
      "M_star": 9.15666675567627,
      "M_uniform": 9.15666675567627,
      "M_shuf": 2.805849313735962,
      "v_uniform": 0.21916644720898137,
      "plastic_ho": 0.9179687649011612,
      "plastic_tr": 0.9238281399011612,
      "uniform_ho": 0.490885429084301,
      "shuffle_ho": 0.490885429084301,
      "gap": 0.4270833358168602,
      "gap_vs_shuffle": 0.4270833358168602,
      "corr_v_implen": 0.7353291834072289,
      "corr_v_len": 0.6046313440701554,
      "v_bridge": 1.2828792333602905,
      "v_nonbridge": 0.16972653567790985,
      "corr_val_dist_plastic": 0.010182112509832008,
      "corr_val_dist_uniform": -0.06023320148057607,
      "corr_tau_dist_plastic": 0.6847502572709664,
      "corr_tau_dist_uniform": 0.9720373936887682
    },
    {
      "seed": 2,
      "n_edges": 523,
      "frac_pairs": 0.00764818349853158,
      "v_grad_nonzero": 4,
      "v_grad_norm": 0.013845785520970821,
      "v_moved": 0.8331179618835449,
      "M_star": 4.227536201477051,
      "M_uniform": 4.227535724639893,
      "M_shuf": 1.706179141998291,
      "v_uniform": 0.18554629827104843,
      "plastic_ho": 0.833333358168602,
      "plastic_tr": 0.833333358168602,
      "uniform_ho": 0.5065104439854622,
      "shuffle_ho": 0.5065104439854622,
      "gap": 0.3268229141831398,
      "gap_vs_shuffle": 0.3268229141831398,
      "corr_v_implen": 0.9370812602843058,
      "corr_v_len": 0.3594501509789082,
      "v_bridge": 0.5682637095451355,
      "v_nonbridge": 0.1673753261566162,
      "corr_val_dist_plastic": 0.008394733684989377,
      "corr_val_dist_uniform": -0.004262823200903379,
      "corr_tau_dist_plastic": 0.8885395410063152,
      "corr_tau_dist_uniform": 0.989046282993971
    },
    {
      "seed": 3,
      "n_edges": 435,
      "frac_pairs": 0.009195402264595032,
      "v_grad_nonzero": 4,
      "v_grad_norm": 0.026752592995762825,
      "v_moved": 0.8342268466949463,
      "M_star": 3.612787961959839,
      "M_uniform": 3.612787961959839,
      "M_shuf": 1.1309847831726074,
      "v_uniform": 0.18611677378892294,
      "plastic_ho": 0.8274739682674408,
      "plastic_tr": 0.837239608168602,
      "uniform_ho": 0.5061849057674408,
      "shuffle_ho": 0.5061849057674408,
      "gap": 0.3212890625,
      "gap_vs_shuffle": 0.3212890625,
      "corr_v_implen": 0.9745162553563558,
      "corr_v_len": 0.36063441235758753,
      "v_bridge": 0.5609118342399597,
      "v_nonbridge": 0.16603048145771027,
      "corr_val_dist_plastic": -0.027383605740933854,
      "corr_val_dist_uniform": 0.018881797101016912,
      "corr_tau_dist_plastic": 0.8929173839555956,
      "corr_tau_dist_uniform": 0.9862219492339904
    },
    {
      "seed": 4,
      "n_edges": 469,
      "frac_pairs": 0.008528784848749638,
      "v_grad_nonzero": 4,
      "v_grad_norm": 0.025535188615322113,
      "v_moved": 0.8293896913528442,
      "M_star": 9.107291221618652,
      "M_uniform": 9.107292175292969,
      "M_shuf": 2.691218852996826,
      "v_uniform": 0.21985586961256953,
      "plastic_ho": 0.9238281548023224,
      "plastic_tr": 0.918294295668602,
      "uniform_ho": 0.4882812574505806,
      "shuffle_ho": 0.4882812574505806,
      "gap": 0.4355468973517418,
      "gap_vs_shuffle": 0.4355468973517418,
      "corr_v_implen": 0.821994999298005,
      "corr_v_len": 0.6162582447418818,
      "v_bridge": 1.2878488302230835,
      "v_nonbridge": 0.1699202060699463,
      "corr_val_dist_plastic": 0.031164403029597366,
      "corr_val_dist_uniform": -0.025676344328379116,
      "corr_tau_dist_plastic": 0.6723626851940093,
      "corr_tau_dist_uniform": 0.9755154395755395
    },
    {
      "seed": 5,
      "n_edges": 451,
      "frac_pairs": 0.008869179524481297,
      "v_grad_nonzero": 4,
      "v_grad_norm": 0.04143775627017021,
      "v_moved": 0.8326448202133179,
      "M_star": 8.56570816040039,
      "M_uniform": 8.565710067749023,
      "M_shuf": 1.7720637321472168,
      "v_uniform": 0.2192582581840799,
      "plastic_ho": 0.9143880307674408,
      "plastic_tr": 0.920247420668602,
      "uniform_ho": 0.5022786632180214,
      "shuffle_ho": 0.497721366584301,
      "gap": 0.4121093675494194,
      "gap_vs_shuffle": 0.4166666641831398,
      "corr_v_implen": 0.05167358914469573,
      "corr_v_len": 0.6143694793023097,
      "v_bridge": 1.306230902671814,
      "v_nonbridge": 0.16569264233112335,
      "corr_val_dist_plastic": -0.012244438892818456,
      "corr_val_dist_uniform": -0.06980704965757423,
      "corr_tau_dist_plastic": 0.6997816649676137,
      "corr_tau_dist_uniform": 0.9747187925090047
    },
    {
      "seed": 6,
      "n_edges": 542,
      "frac_pairs": 0.007380073890089989,
      "v_grad_nonzero": 4,
      "v_grad_norm": 0.02361404523253441,
      "v_moved": 0.8370290994644165,
      "M_star": 0.5051172971725464,
      "M_uniform": 0.5051177740097046,
      "M_shuf": 0.5010219812393188,
      "v_uniform": 0.16294109908154644,
      "plastic_ho": 0.4980468824505806,
      "plastic_tr": 0.5048828348517418,
      "uniform_ho": 0.4980468824505806,
      "shuffle_ho": 0.4980468824505806,
      "gap": 0.0,
      "gap_vs_shuffle": 0.0,
      "corr_v_implen": 0.0,
      "corr_v_len": 0.4715101705297942,
      "v_bridge": 0.16363219916820526,
      "v_nonbridge": 0.16291236877441406,
      "corr_val_dist_plastic": -0.10590273585129524,
      "corr_val_dist_uniform": -0.12404976959193031,
      "corr_tau_dist_plastic": 0.9900744201133279,
      "corr_tau_dist_uniform": 0.9899354255482068
    },
    {
      "seed": 7,
      "n_edges": 531,
      "frac_pairs": 0.0075329565443098545,