{
  "config": {
    "n_tgt": 24,
    "n_src": 24,
    "K": 4,
    "d_lo": 4.0,
    "d_hi": 16.0,
    "tgt_spread": 2.5,
    "relay_R": 2.0,
    "v_min": 0.3,
    "v_max": 8.0,
    "v0": 2.0,
    "min_delay": 1,
    "max_delay": 24,
    "alpha": 0.4,
    "T": 28,
    "mu": 0.02,
    "steps": 500,
    "lr": 0.005,
    "lr_v": 0.15,
    "n_cands": 24
  },
  "seeds": 5,
  "device": "mps",
  "minutes": 1.74,
  "v_grad_alive": true,
  "ideal_ratio": {
    "mean": 9.836415148085099,
    "sd": 0.5794865802281721,
    "t": 37.955827928519895,
    "n": 5
  },
  "ratio_sync": {
    "mean": 8.528707610225757,
    "sd": 0.5682346787937108,
    "t": 33.56143278190864,
    "n": 5
  },
  "ratio_econ": {
    "mean": 0.9999945395776212,
    "sd": 7.530040017021564e-06,
    "t": 296951.37908558093,
    "n": 5
  },
  "ratio_shuf": {
    "mean": 0.9154599846015378,
    "sd": 0.4728403584031455,
    "t": 4.329221733870363,
    "n": 5
  },
  "corr_v_dist_long_sync": {
    "mean": 0.9999999357580437,
    "sd": 3.8729528964218796e-08,
    "t": 57735477.132093534,
    "n": 5
  },
  "corr_v_dist_long_econ": {
    "mean": 0.012829719413537189,
    "sd": 0.24442616911177611,
    "t": 0.11736928515129166,
    "n": 5
  },
  "var_tau_long_sync": {
    "mean": 1.8105725558825724e-07,
    "sd": 9.120378405609329e-08,
    "t": 4.439029975619182,
    "n": 5
  },
  "var_tau_long_econ": {
    "mean": 6.86281304359436,
    "sd": 4.470792099258846,
    "t": 3.43243795319697,
    "n": 5
  },
  "var_tau_long_shuf": {
    "mean": 26.795891857147218,
    "sd": 24.38990090041499,
    "t": 2.4566494121874345,
    "n": 5
  },
  "var_tau_long_uniform": {
    "mean": 4.666447734832763,
    "sd": 0.4963755543877955,
    "t": 21.02137032393819,
    "n": 5
  },
  "vhat_ratio": {
    "mean": 4.869017408491914,
    "sd": 8.60572109227905,
    "t": 1.2651413858608402,
    "n": 5
  },
  "vhat_long_null": {
    "mean": 1.7207826086956524,
    "sd": 2.626376394493982,
    "t": 1.4650553879518262,
    "n": 5
  },
  "rows": [
    {
      "seed": 0,
      "frac_long": 1.0,
      "v_grad_nonzero": 24,
      "v_grad_norm": 2.304708957672119,
      "ratio_sync": 7.994042858303057,
      "v_long_sync": 2.4142677783966064,
      "v_short_sync": 0.30200836062431335,
      "corr_v_dist_long_sync": 0.9999999533550612,
      "var_tau_long_sync": 1.1200965133184582e-07,
      "cv_tau_long_sync": 7.713430386502296e-05,
      "arrival_var_dyn_sync": 1.1649305555555556,
      "ratio_econ": 0.9999818642612894,
      "corr_v_dist_long_econ": 0.052527142778061385,
      "var_tau_long_econ": 2.356203317642212,
      "ratio_shuf": 0.6608054038271207,
      "var_tau_long_shuf": 15.38015079498291,
      "var_tau_long_uniform": 4.374400615692139,
      "v_uniform": 1.4976059326550741,
      "ideal_ratio": 10.028994366410334,
      "mean_d_long": 10.47529411315918,
      "mean_d_short": 1.0445009469985962,
      "vhat_ratio": 0.2581632653061225,
      "vhat_long": 0.33,
      "vhat_short": 1.2782608695652173,
      "vhat_long_null": 0.33
    },
    {
      "seed": 1,
      "frac_long": 1.0,
      "v_grad_nonzero": 24,
      "v_grad_norm": 2.7195708751678467,
      "ratio_sync": 8.035697829915915,
      "v_long_sync": 2.4262053966522217,
      "v_short_sync": 0.30192840099334717,
      "corr_v_dist_long_sync": 0.9999999595493507,
      "var_tau_long_sync": 1.2744490618388227e-07,
      "cv_tau_long_sync": 8.579009590903297e-05,
      "arrival_var_dyn_sync": 0.4375,
      "ratio_econ": 1.0000038440119656,
      "corr_v_dist_long_econ": -0.419810949295048,
      "var_tau_long_econ": 5.946458339691162,
      "ratio_shuf": 0.843922698102601,
      "var_tau_long_shuf": 29.968660354614258,
      "var_tau_long_uniform": 5.506911754608154,
      "v_uniform": 1.4490540033633563,
      "ideal_ratio": 9.38839081229373,
      "mean_d_long": 10.096068382263184,
      "mean_d_short": 1.0753779411315918,
      "vhat_ratio": 0.34297333935833707,
      "vhat_long": 0.33,
      "vhat_short": 0.9621739130434783,
      "vhat_long_null": 0.33
    },
    {
      "seed": 2,
      "frac_long": 0.9583333134651184,
      "v_grad_nonzero": 24,
      "v_grad_norm": 2.30678129196167,
      "ratio_sync": 8.815727811530252,
      "v_long_sync": 2.6624298095703125,
      "v_short_sync": 0.30200907588005066,
      "corr_v_dist_long_sync": 0.9999999583620368,
      "var_tau_long_sync": 1.3981026825149456e-07,
      "cv_tau_long_sync": 8.836541383061558e-05,
      "arrival_var_dyn_sync": 0.7482638888888888,
      "ratio_econ": 0.9999925091735519,
      "corr_v_dist_long_econ": 0.18518207650121746,
      "var_tau_long_econ": 5.071109771728516,
      "ratio_shuf": 0.5818349765220208,
      "var_tau_long_shuf": 5.043344974517822,
      "var_tau_long_uniform": 4.243640422821045,
      "v_uniform": 1.5896080697273587,
      "ideal_ratio": 10.81061727434746,
      "mean_d_long": 11.266016960144043,
      "mean_d_short": 1.0421252250671387,
      "vhat_ratio": 1.0,
      "vhat_long": 0.6460869565217391,
      "vhat_short": 0.6460869565217391,
      "vhat_long_null": 0.6460869565217391
    },
    {
      "seed": 3,
      "frac_long": 1.0,
      "v_grad_nonzero": 24,
      "v_grad_norm": 2.2664859294891357,
      "ratio_sync": 8.295353075665345,
      "v_long_sync": 2.50539231300354,
      "v_short_sync": 0.30202358961105347,
      "corr_v_dist_long_sync": 0.9999999466772469,
      "var_tau_long_sync": 1.6838593808188307e-07,
      "cv_tau_long_sync": 9.602877253200859e-05,
      "arrival_var_dyn_sync": 1.0763888888888888,
      "ratio_econ": 0.9999942833144042,
      "corr_v_dist_long_econ": 0.2903546759820985,
      "var_tau_long_econ": 5.492458820343018,
      "ratio_shuf": 0.6458108026281284,
      "var_tau_long_shuf": 10.883201599121094,
      "var_tau_long_uniform": 4.2475409507751465,
      "v_uniform": 1.5484897540535933,
      "ideal_ratio": 9.81896888483634,
      "mean_d_long": 10.706096649169922,
      "mean_d_short": 1.0903483629226685,
      "vhat_ratio": 0.6714866696791685,
      "vhat_long": 0.6460869565217391,
      "vhat_short": 0.9621739130434783,
      "vhat_long_null": 0.33
    },
    {
      "seed": 4,
      "frac_long": 1.0,
      "v_grad_nonzero": 24,
      "v_grad_norm": 2.7770493030548096,
      "ratio_sync": 9.502716475714214,
      "v_long_sync": 2.8687007427215576,
      "v_short_sync": 0.30188217759132385,
      "corr_v_dist_long_sync": 0.9999998608465228,
      "var_tau_long_sync": 3.5763551409218053e-07,
      "cv_tau_long_sync": 0.00016335728287231177,
      "arrival_var_dyn_sync": 1.5260416666666667,
      "ratio_econ": 1.0000001971268953,
      "corr_v_dist_long_econ": -0.044104348898643425,
      "var_tau_long_econ": 15.447834968566895,
      "ratio_shuf": 1.844926041927818,
      "var_tau_long_shuf": 72.7041015625,
      "var_tau_long_uniform": 4.959744930267334,
      "v_uniform": 1.7570354182489827,
      "ideal_ratio": 9.135104402537635,
      "mean_d_long": 10.501972198486328,
      "mean_d_short": 1.1496280431747437,
      "vhat_ratio": 22.07246376811594,
      "vhat_long": 7.283913043478261,
      "vhat_short": 0.33,
      "vhat_long_null": 6.967826086956522
    }
  ],
  "inv_seeds_recovered": "1/5",
  "verdict": "PARTIAL (isochrony allocation seen; inverse recovery weak)"
}