{
  "source": "ScaleSymmetry/Traveling-wave-analysis (cortical alpha traveling waves)",
  "citations": [
    "10.1371/journal.pone.0148413",
    "10.1371/journal.pcbi.1007316"
  ],
  "ground_truth_method": "phase-gradient planar fit (independent of SDRNN inverse)",
  "fs_hz": 500.0,
  "f_wave_hz": 9.2,
  "literature_anchor_mps": "cortical alpha traveling waves ~0.1-0.8 m/s",
  "args": {
    "smoke": false,
    "max_delay": 60,
    "min_delay": 1,
    "n_cands": 12,
    "v_lo": 0.02,
    "v_hi": 1.0,
    "ridge": 0.1,
    "rank": 8,
    "n_boot": 8,
    "n_shuffles": 4,
    "seed": 0
  },
  "smoke": false,
  "results": [
    {
      "dataset": "spontaneous",
      "n_trials": 26,
      "n_sensors": 64,
      "n_samples": 1550,
      "fs_hz": 500.0,
      "f_wave_hz": 9.2,
      "dist_mm_median": 40.91834708429894,
      "dist_mm_max": 95.88433970153834,
      "v_ref_mps": 0.08315488816271209,
      "v_ref_iqr_mps": [
        0.06618315430814016,
        0.10943992181498896
      ],
      "n_ref_fits": 617,
      "ref_mean_r2": 0.5754907804811187,
      "candidates_mps": [
        0.02,
        0.028541829944836374,
        0.040731802829997915,
        0.05812800948602023,
        0.08295398808909124,
        0.1183829310642412,
        0.16894327434034292,
        0.24109751032729523,
        0.34406820699425456,
        0.49101681267273867,
        0.7007259183680442,
        1.0
      ],
      "res_true": [
        0.019115164344979743,
        0.019115164344979743,
        0.019115164344979743,
        0.019115164344979743,
        0.019119635706078813,
        0.019258908809456854,
        0.01993215746778298,
        0.01822596001056753,
        0.01734121154532284,
        0.018277925110747623,
        0.01998182865075563,
        0.02136881964772098
      ],
      "v_hat_mps": 0.34406820699425456,
      "floor_true": 0.01734121154532284,
      "dip": 0.18848060719344462,
      "interior_min": true,
      "v_hat_boot_median_mps": 0.34406820699425456,
      "v_hat_boot_ci68_mps": [
        0.34406820699425456,
        0.34406820699425456
      ],
      "err_vs_ref_pct": 313.7678669244365,
      "null_floor_mean": 0.018815305316498027,
      "null_floor_std": 8.726211201704847e-05,
      "null_floors": [
        0.018931854682838055,
        0.01869683927715463,
        0.018778587993184458,
        0.01885393931281496
      ],
      "null_mean_curve": [
        0.019115164344979743,
        0.019115164344979743,
        0.019115164344979743,
        0.019115164344979743,
        0.019115813585027782,
        0.019144361074915586,
        0.019250329226987932,
        0.019172726486727132,
        0.019059439328407556,
        0.01893597569260526,
        0.018876584494913487,
        0.018959662112226876
      ],
      "relgap_curve": [
        0.0,
        0.0,
        0.0,
        0.0,
        -0.00019994550762016954,
        -0.005983366803782945,
        -0.03541904310933777,
        0.049380899308486374,
        0.09015101406648376,
        0.0347513427618024,
        -0.05855106659159727,
        -0.12706753533405005
      ],
      "null_gap": 0.0014740937711751854,
      "null_ratio": 1.0850052354322248,
      "null_beats_all": true,
      "null_vhats_mps": [
        1.0,
        1.0,
        0.49101681267273867,
        0.49101681267273867
      ],
      "v_gapmax_mps": 0.34406820699425456,
      "relgap_max": 0.09015101406648376,
      "err_gapmax_vs_ref_pct": 313.7678669244365,
      "verdict": "PARTIAL-ORDER-OF-MAGNITUDE (interior min in the right cortical band but few-fold off the phase-gradient reference; modest distance-specific gap)",
      "flags": {
        "interior": true,
        "null_beats": true,
        "null_clear": false,
        "ci_brackets_ref": false,
        "within_2x": false
      }
    },
    {
      "dataset": "stimulus",
      "n_trials": 32,
      "n_sensors": 64,
      "n_samples": 1550,
      "fs_hz": 500.0,
      "f_wave_hz": 9.2,
      "dist_mm_median": 40.91834708429894,
      "dist_mm_max": 95.88433970153834,
      "v_ref_mps": 0.08799196112318289,
      "v_ref_iqr_mps": [
        0.0697673674405038,
        0.114786385125099
      ],
      "n_ref_fits": 732,
      "ref_mean_r2": 0.5697071115256959,
      "candidates_mps": [
        0.02,
        0.028541829944836374,
        0.040731802829997915,
        0.05812800948602023,
        0.08295398808909124,
        0.1183829310642412,
        0.16894327434034292,
        0.24109751032729523,
        0.34406820699425456,
        0.49101681267273867,
        0.7007259183680442,
        1.0
      ],
      "res_true": [
        0.01927463816550843,
        0.01927463816550843,
        0.01927463816550843,
        0.01927463816550843,
        0.019270649574168658,
        0.01932823947822598,
        0.020145711560643896,
        0.018196644540027715,
        0.0172431514341217,
        0.01819295783484704,
        0.020087113715146408,
        0.021705901010008816
      ],
      "v_hat_mps": 0.34406820699425456,
      "floor_true": 0.0172431514341217,
      "dip": 0.20560075223892788,
      "interior_min": true,
      "v_hat_boot_median_mps": 0.34406820699425456,
      "v_hat_boot_ci68_mps": [
        0.34406820699425456,
        0.34406820699425456
      ],
      "err_vs_ref_pct": 291.02231908728794,
      "null_floor_mean": 0.018847938581772788,
      "null_floor_std": 9.119476012054886e-05,
      "null_floors": [
        0.01896276757944116,
        0.018713266864927774,
        0.018828305751149653,
        0.018887414131572564
      ],
      "null_mean_curve": [
        0.01927463816550843,
        0.01927463816550843,
        0.01927463816550843,
        0.01927463816550843,
        0.01927557500628114,
        0.019294134142017326,
        0.019404004282082,
        0.01927050123640417,
        0.01914368789040808,
        0.01897668402460226,
        0.018912487410857486,
        0.018991665185655277
      ],
      "relgap_curve": [
        0.0,
        0.0,
        0.0,
        0.0,
        0.00025552711712206044,
        -0.0017676531092740001,
        -0.03822444417869863,
        0.055725415916639036,
        0.09927744680476981,
        0.04129942769231223,
        -0.062108504223112995,
        -0.1429172111911877
      ],
      "null_gap": 0.0016047871476510892,
      "null_ratio": 1.0930680886663433,
      "null_beats_all": true,
      "null_vhats_mps": [
        0.7007259183680442,
        1.0,
        0.49101681267273867,
        0.49101681267273867
      ],
      "v_gapmax_mps": 0.34406820699425456,
      "relgap_max": 0.09927744680476981,
      "err_gapmax_vs_ref_pct": 291.02231908728794,
      "verdict": "PARTIAL-ORDER-OF-MAGNITUDE (interior min in the right cortical band but few-fold off the phase-gradient reference; modest distance-specific gap)",
      "flags": {
        "interior": true,
        "null_beats": true,
        "null_clear": false,
        "ci_brackets_ref": false,
        "within_2x": false
      }
    }
  ]
}