{
  "source": "neurosmiths/Data-and-Code-for-STAR-Protocols (human Utah array, 400um, propofol LOC)",
  "citations": [
    "PMC11919625 (STAR Protocols)",
    "OSF ahqej (STARmain_data_filtered.mat)"
  ],
  "ground_truth_method": "burst-latency planar regression (independent of the delayed-field inverse; the dataset's own SpatialLinearRegression approach)",
  "phasegrad_note": "Hilbert phase-gradient is INVALID here (sub-wavelength array, ~2pi wrap at 1 Hz -> spuriously tiny v); kept only as a documented-failure control.",
  "fs_hz": 2000.0,
  "electrode_spacing_mm": 0.4,
  "literature_anchor_mps": "cortical/anesthesia/slow-wave intracortical traveling waves ~0.1-0.8 m/s",
  "args": {
    "smoke": false,
    "skip_s": 5.0,
    "burst_band": [
      10.0,
      100.0
    ],
    "burst_k": 1.5,
    "wave_band": [
      2.0,
      50.0
    ],
    "win_ms": 60.0,
    "max_segs": 64,
    "max_delay": 30,
    "min_delay": 1,
    "n_cands": 17,
    "v_lo": 0.05,
    "v_hi": 2.0,
    "ridge": 0.1,
    "rank": 8,
    "n_boot": 30,
    "n_shuffles": 8,
    "track_n": 20,
    "track_group": 5,
    "seed": 0
  },
  "smoke": false,
  "result": {
    "n_segments": 64,
    "seg_len": 240,
    "n_chans": 96,
    "fs_hz": 2000.0,
    "wave_band": [
      2.0,
      50.0
    ],
    "burst_band": [
      10.0,
      100.0
    ],
    "win_ms": 60.0,
    "n_bursts": 108,
    "dist_mm_median": 2.0,
    "dist_mm_max": 4.560701700396552,
    "v_ref_mps": 0.49869960014702963,
    "v_ref_iqr_mps": [
      0.33059597472233654,
      0.7355791876071017
    ],
    "n_ref_fits": 88,
    "ref_mean_r2": 0.5208802139987188,
    "v_phasegrad_control_mps": 0.0021543451896318087,
    "candidates_mps": [
      0.05,
      0.06296493419231936,
      0.07929165875686216,
      0.0998518815125134,
      0.12574334296829354,
      0.15834842630241694,
      0.1994079648317803,
      0.2511141876611476,
      0.31622776601683794,
      0.39822520954068735,
      0.5014844822490394,
      0.6315187484656023,
      0.7952707287670507,
      1.0014833820379043,
      1.2611667048943616,
      1.5881855715843547,
      2.0
    ],
    "res_true": [
      0.012902957481844115,
      0.014514345950093072,
      0.01656904463505541,
      0.01703146198538104,
      0.01568190304388628,
      0.014929058206215103,
      0.013725664134232542,
      0.012275908488542864,
      0.012753182036277325,
      0.010339833015702599,
      0.00967619147445407,
      0.008483852165404355,
      0.007952449063926368,
      0.008299502365005866,
      0.007974467151458867,
      0.008250189089327419,
      0.008298141950701192
    ],
    "v_hat_mps": 0.7952707287670507,
    "ratio_vhat_vref": 1.5946889240187565,
    "err_vs_ref_pct": 59.46889240187565,
    "floor_true": 0.007952449063926368,
    "dip": 0.5330730226632671,
    "interior_min": true,
    "v_hat_boot_median_mps": 1.2611667048943616,
    "v_hat_boot_ci68_mps": [
      0.7952707287670507,
      1.2611667048943616
    ],
    "null_ac_floor_mean": 0.018173942439718913,
    "null_ac_floor_std": 0.0001874673016581702,
    "null_ac_floors": [
      0.018244205903792887,
      0.018311769637767494,
      0.017912964651425015,
      0.017880974000016415,
      0.01848672015790115,
      0.018127187279651787,
      0.018207690093227917,
      0.018220027793968634
    ],
    "null_ac_vhats_mps": [
      1.5881855715843547,
      2.0,
      2.0,
      2.0,
      0.07929165875686216,
      2.0,
      1.2611667048943616,
      2.0
    ],
    "null_ac_gap": 0.010221493375792545,
    "null_ac_ratio": 2.2853264813569965,
    "null_ac_beats_all": true,
    "null_geo_floor_mean": 0.008503876071329946,
    "null_geo_floors": [
      0.008493254793878715,
      0.008353298128213876,
      0.00860792216469257,
      0.008406359944645671,
      0.008640493249865112,
      0.008327168633777278,
      0.008647094416756308,
      0.008555417238810042
    ],
    "null_geo_gap": 0.0005514270074035779,
    "null_geo_beats_all": true,
    "_rates_shape": [
      64,
      240,
      96
    ]
  },
  "tracking": {
    "n_tracked": 20,
    "track_group": 5,
    "per_vhat_mps": [
      1.2611667048943616,
      2.0,
      2.0,
      1.2611667048943616,
      2.0,
      1.2611667048943616,
      2.0,
      1.2611667048943616,
      2.0,
      1.2611667048943616,
      2.0,
      1.2611667048943616,
      1.2611667048943616,
      1.2611667048943616,
      1.2611667048943616,
      1.2611667048943616,
      1.2611667048943616,
      2.0,
      2.0,
      1.2611667048943616
    ],
    "per_vref_mps": [
      1.2667427320652402,
      0.6829581330277782,
      0.6452483128267624,
      0.46105653841085553,
      0.8667256011099375,
      0.4900153511112997,
      0.47686244666990507,
      0.7255486457071659,
      0.7518842807473608,
      0.5334225835508661,
      0.3206462372944059,
      0.2190046849598242,
      0.3152682194851376,
      0.4560256275738185,
      0.5484841635119853,
      0.5438561864931768,
      0.6956960644594999,
      0.6536153060327311,
      0.42601072512024285,
      0.6689754203549598
    ],
    "track_spearman_pearson": 0.057243927518935,
    "vhat_spread_iqr": [
      1.2611667048943616,
      2.0
    ],
    "vhat_median_mps": 1.2611667048943616,
    "frac_at_scan_floor": 0.0,
    "frac_at_scan_ceil": 0.4,
    "frac_interior": 0.6
  },
  "verdict": "PARTIAL-RECOVERED (within 2x of v_ref AND beats the hard autocorr null) | tracks per-segment=True"
}