{
  "v_true": 0.08,
  "hidden": 48,
  "steps": 900,
  "task": "MemoryPro(delay=8) natural activity",
  "rank": 8,
  "candidates": [
    0.022857142857142857,
    0.02733669132858241,
    0.03269414280974596,
    0.03910154894811451,
    0.04676468011530275,
    0.05592963361089682,
    0.06689073694370355,
    0.07999999999999999,
    0.0956784196500385,
    0.11442949983411085,
    0.1368554213184008,
    0.1636763804035597,
    0.19575371763813898,
    0.23411757930296245,
    0.28
  ],
  "acc_mean": 0.9996744791666666,
  "acc_std": 0.0004603559773349919,
  "vhat_known_mean": 0.07999999999999999,
  "vhat_known_std": 0.0,
  "err_known_pct": 2.220446049250313e-14,
  "dip_known_true_mean": 0.9999877350022887,
  "dip_known_shuf_mean": 0.8424342069730543,
  "floor_true_mean": 7.112739763803633e-06,
  "floor_true_std": 3.469963449715154e-07,
  "floor_shuf_known_mean": 0.09135403866237095,
  "floor_shuf_free_mean": 0.004191545673284753,
  "gap_free_mean": 0.00418443293352095,
  "gap_free_min": 0.0038438204580321265,
  "null_beat": true,
  "null_beat_clear": true,
  "vhat_free_mean": 0.07999999999999999,
  "vhat_free_std": 0.0,
  "err_free_pct": 2.220446049250313e-14,
  "kern_corr_lr_mean": 0.8727528298259037,
  "kern_corr_lr_std": 0.004260883938367926,
  "free_ident": true,
  "kern_ok": true,
  "free_interior_min_seeds": 3,
  "floor_ratio_shuf_over_true_free_mean": 196.1433558846762,
  "loc_ok": true,
  "verdict": "STRENGTHENED: on NATURAL task activity the true-geometry residual floor is clearly below the velocity-shuffled free-kernel floor on all seeds (distance-specific, not tautological). v_hat~v_true under known-W is partly by construction but the dip is sharp on natural activity. Kernel identifiability is the honest caveat (see [C]).",
  "per_seed": [
    {
      "seed": 0,
      "acc": 1.0,
      "v_known_true": 0.07999999999999999,
      "ratio_known_true": 0.9999999999999998,
      "floor_true": 6.6338467703475604e-06,
      "dip_known_true": 0.9999886208811837,
      "floor_shuf_known": 0.08082454417118885,
      "dip_known_shuf": 0.8613606879065265,
      "floor_shuf_free": 0.004318800432407489,
      "v_free_shuf": 0.1636763804035597,
      "v_free_true": 0.07999999999999999,
      "ratio_free_true": 0.9999999999999998,
      "floor_free_true_full": 2.4724141168988255e-05,
      "floor_free_true_lr": 0.14978113361646025,
      "interior_min_free": true,
      "ratio_floor_free_shuf_over_true": 174.67948545549964,
      "kern_corr_lr": 0.8667292610561563,
      "kern_corr_full": 0.9903979853809438,
      "res_known_true": [
        0.5829843134071283,
        0.5764351650830278,
        0.48140017086146236,
        0.42426317353605997,
        0.2537232804710045,
        0.1216682364542463,
        0.04822913552148954,
        6.6338467703475604e-06,
        0.0383816843464612,
        0.09083970928817563,
        0.23424599347922417,
        0.24867972848327988,
        0.3795708469718289,
        0.5207443324171456,
        0.5342706871352051
      ],
      "res_known_shuf": [
        0.5829843134071283,
        0.5822823742608941,
        0.5634310400901079,
        0.5497178302678178,
        0.48994620360505026,
        0.42269187601427727,
        0.3630531539303366,
        0.24858892600896573,
        0.1755439927390434,
        0.10618734151856385,
        0.08082454417118885,
        0.08545544767357223,
        0.1447073819386515,
        0.23250674828127488,
        0.2793708243235085
      ],
      "res_free_true_full": [
        0.2786748245213926,
        0.2691725514340741,
        0.19282494956411841,
        0.1502223275855769,
        0.0660955756371214,
        0.030203217940850756,
        0.014813580086848242,
        2.4724141168988255e-05,
        0.007352538332482013,
        0.00549516353407049,
        0.005350672451936893,
        0.006250162240496147,
        0.007492309375068817,
        0.012470635736804809,
        0.014208293705155698
      ],
      "res_free_true_lr": [
        0.8841435299212821,
        0.6580539070390063,
        0.751082501725904,
        0.7040158167745817,
        0.48900758154017226,
        0.36396078500202395,
        0.27170188390800354,
        0.17871778375945613,
        0.15839453240501158,
        0.14978113361646025,
        0.20729066357784015,
        0.2911655896102357,
        0.2676657652447507,
        0.2773593277414213,
        0.24220291158717033
      ],
      "res_free_shuf_full": [
        0.2786748245213926,
        0.2702798589703389,
        0.21395412303293815,
        0.18067622577658976,
        0.10133565325306768,
        0.05439104845678548,
        0.033608172316110504,
        0.014675387165995573,
        0.012011522632877119,
        0.005501937310573642,
        0.0051821963566185065,
        0.004318800432407489,
        0.0045642061956383305,
        0.008451208039912094,
        0.011135565374224263
      ]
    },
    {
      "seed": 1,
      "acc": 1.0,
      "v_known_true": 0.07999999999999999,
      "ratio_known_true": 0.9999999999999998,
      "floor_true": 7.259418697507741e-06,
      "dip_known_true": 0.9999878475178822,
      "floor_shuf_known": 0.09488529250867488,
      "dip_known_shuf": 0.8411592291773415,
      "floor_shuf_free": 0.00440457117559109,
      "v_free_shuf": 0.1636763804035597,
      "v_free_true": 0.07999999999999999,
      "ratio_free_true": 0.9999999999999998,
      "floor_free_true_full": 1.875335526473337e-05,
      "floor_free_true_lr": 0.12074383000010634,
      "interior_min_free": true,
      "ratio_floor_free_shuf_over_true": 234.86842106626574,
      "kern_corr_lr": 0.8756226199804155,
      "kern_corr_full": 0.9914051783413687,
      "res_known_true": [
        0.5973610680563424,
        0.5913656912541879,
        0.4955490552016056,
        0.43693388501255104,
        0.26016965632903766,
        0.12408994400888182,
        0.049755878493918985,
        7.259418697507741e-06,
        0.039543323297559094,
        0.09731124292931699,
        0.2446066646203683,
        0.26148970522637766,
        0.3991222777226828,
        0.5244873147556642,
        0.5391744692449603
      ],
      "res_known_shuf": [
        0.5973610680563424,
        0.5962474937158371,
        0.5680378627466686,
        0.5497846449758971,
        0.4837281656993156,
        0.4125128476132605,
        0.34433664811750403,
        0.23016273905597504,
        0.16751666764851642,
        0.10185170681527712,
        0.09488529250867488,
        0.09717464558910414,
        0.16760323121168305,
        0.2713821369490307,
        0.32474903758889073
      ],
      "res_free_true_full": [
        0.31766065155404394,
        0.30847758513062123,
        0.22850681439534437,
        0.17897964288935966,
        0.07618767777227567,
        0.03280532242199749,
        0.01597623048227684,
        1.875335526473337e-05,
        0.007869448197911156,
        0.005866902148561029,
        0.006100050314879808,
        0.006496836212428161,
        0.008481463736068508,
        0.013450751323235706,
        0.014886502247194391
      ],
      "res_free_true_lr": [
        1.010797434391592,
        0.8144807334943608,
        0.7565262606330438,
        0.7246723666364493,
        0.5662063942764598,
        0.3449551504425564,
        0.23544101881017596,
        0.12074383000010634,
        0.17348737369335585,
        0.19376655753298772,
        0.24205302814064536,
        0.27596336442753905,
        0.25637901053082285,
        0.323271143027062,
        0.2550588877344897
      ],