{
 "params": {
  "hidden": 56,
  "steps": 800,
  "seeds": 12,
  "velocity": 0.08,
  "max_delay": 14
 },
 "weighted_mean": {
  "no-delay": [
   8.513501834860545,
   8.348153022327839,
   8.408998764200831,
   8.471171223081068,
   8.524614127479772,
   8.421443297239485,
   8.586097440585132,
   8.374822422192906,
   8.522476049667112,
   8.308364415190143,
   8.585936996439944,
   8.466573292884664
  ],
  "distance": [
   6.353120260265743,
   6.384119907040355,
   6.2919526891249005,
   6.237637104279838,
   6.331618757370551,
   6.267787511106148,
   6.350289332155806,
   6.317847578980738,
   6.3971722992750735,
   6.291127942852412,
   6.284477590821789,
   6.294915554822331
  ],
  "shuffled": [
   7.57557193954048,
   7.708601467230239,
   7.5431746773483,
   7.524061451141701,
   7.6588223102381185,
   7.645582594299234,
   7.658033382568148,
   7.519914877782491,
   7.722049619900125,
   7.512890857963379,
   7.711641633007639,
   7.6647267527916325
  ],
  "uniform": [
   1.4452527989676027,
   1.3756109575859676,
   1.329402517204729,
   1.4488108390062715,
   1.3584239634893254,
   1.4041804902851531,
   1.4219723271123936,
   1.5415190278851658,
   1.463330118789132,
   1.3757564186630376,
   1.454826555460904,
   1.4084835482641402
  ]
 },
 "raw_total": {
  "no-delay": [
   2455.178780735878,
   2368.248826942785,
   2420.16157938799,
   2411.3837253731326,
   2383.538354598226,
   2336.8631342856825,
   2441.0174405254147,
   2363.766792837705,
   2453.299337215867,
   2196.522320958933,
   2499.0424528722797,
   2353.1640037289762
  ],
  "distance": [
   1778.889958949294,
   1815.3594087226666,
   1713.321874276735,
   1615.1099972223165,
   1721.3539735698141,
   1751.6691036531702,
   1816.692431032192,
   1794.9240580091719,
   1783.045836148318,
   1702.1678787565324,
   1696.859773086384,
   1691.5391707892995
  ],
  "shuffled": [
   2168.393491955969,
   2203.1200872180434,
   2086.4479167799873,
   2108.1236285316513,
   2153.5707078490777,
   2215.5735468153143,
   2151.709666382947,
   2041.4271702385804,
   2154.0806822043523,
   2089.541111889761,
   2236.070130758406,
   2163.3763771512604
  ],
  "uniform": [
   74.04347583382066,
   66.49813063533317,
   63.018762754695004,
   75.44459825638391,
   65.4448768538159,
   72.49365141189023,
   73.57122869773812,
   79.36466117897635,
   72.30686424774026,
   67.40924103978318,
   74.62500361457286,
   68.94270787052903
  ]
 },
 "accuracy": {
  "no-delay": [
   0.998046875,
   0.998046875,
   0.998046875,
   0.998046875,
   0.998046875,
   0.998046875,
   0.99609375,
   0.998046875,
   0.998046875,
   0.998046875,
   0.998046875,
   0.99609375
  ],
  "distance": [
   0.9970703125,
   0.9970703125,
   0.9970703125,
   0.99609375,
   0.998046875,
   0.998046875,
   0.998046875,
   0.998046875,
   0.99609375,
   0.998046875,
   0.9970703125,
   0.998046875
  ],
  "shuffled": [
   0.9951171875,
   0.9970703125,
   0.99609375,
   0.99609375,
   0.998046875,
   0.99609375,
   0.99609375,
   0.9970703125,
   0.998046875,
   0.998046875,
   0.99609375,
   0.99609375
  ],
  "uniform": [
   0.9716796875,
   0.9697265625,
   0.9716796875,
   0.9736328125,
   0.9716796875,
   0.9716796875,
   0.970703125,
   0.97265625,
   0.966796875,
   0.9716796875,
   0.96875,
   0.970703125
  ]
 },
 "summary_weighted_mean": {
  "no-delay": [
   8.461012740512453,
   0.08645959509172514
  ],
  "distance": [
   6.316838877341307,
   0.04575491456404393
  ],
  "shuffled": [
   7.620422630317624,
   0.07683241494742515
  ],
  "uniform": [
   1.4189641302261518,
   0.05448724899994933
  ]
 },
 "summary_raw_total": {
  "no-delay": [
   2390.1822291219055,
   74.6836541486544
  ],
  "distance": [
   1740.077788684658,
   58.006177777336454
  ],
  "shuffled": [
   2147.619543147946,
   54.95991675357559
  ],
  "uniform": [
   71.09693353293989,
   4.605387504371727
  ]
 },
 "summary_accuracy": {
  "no-delay": [
   0.9977213541666666,
   0.0007278867114257129
  ],
  "distance": [
   0.9973958333333334,
   0.0007278867114257128
  ],
  "shuffled": [
   0.9966634114583334,
   0.0009314390578010739
  ],
  "uniform": [
   0.970947265625,
   0.0017435127999372193
  ]
 },
 "paired": {
  "weighted_mean_distance_minus_shuffled": {
   "diffs": [
    -1.2224516792747373,
    -1.3244815601898843,
    -1.2512219882233993,
    -1.286424346861863,
    -1.3272035528675676,
    -1.377795083193086,
    -1.3077440504123423,
    -1.2020672988017536,
    -1.3248773206250517,
    -1.2217629151109675,
    -1.4271640421858507,
    -1.3698111979693017
   ],
   "mean": -1.3035837529763172,
   "sign_neg": 12,
   "sign_pos": 0,
   "sign_p": 0.00048828125,
   "t": -64.90339682970536
  },
  "weighted_mean_distance_minus_uniform": {
   "diffs": [
    4.9078674612981406,
    5.008508949454387,
    4.962550171920172,
    4.788826265273567,
    4.973194793881225,
    4.863607020820995,
    4.928317005043413,
    4.776328551095572,
    4.933842180485941,
    4.915371524189374,
    4.829651035360885,
    4.8864320065581905
   ],
   "mean": 4.8978747471151545,
   "sign_neg": 0,
   "sign_pos": 12,
   "sign_p": 0.00048828125,
   "t": 234.98440999793766
  },
  "raw_total_distance_minus_shuffled": {
   "diffs": [
    -389.50353300667484,
    -387.76067849537685,
    -373.1260425032524,
    -493.01363130933487,
    -432.2167342792636,
    -463.90444316214416,
    -335.0172353507551,
    -246.50311222940854,
    -371.03484605603444,
    -387.3732331332285,
    -539.2103576720219,
    -471.83720636196085
   ],
   "mean": -407.541754463288,
   "sign_neg": 12,
   "sign_pos": 0,
   "sign_p": 0.00048828125,
   "t": -18.03614672913242
  },
  "raw_total_distance_minus_uniform": {
   "diffs": [
    1704.8464831154733,
    1748.8612780873334,
    1650.30311152204,
    1539.6653989659326,
    1655.9090967159982,
    1679.17545224128,
    1743.1212023344538,
    1715.5593968301955,
    1710.7389719005776,
    1634.7586377167493,
    1622.234769471811,
    1622.5964629187706
   ],
   "mean": 1668.9808551517178,
   "sign_neg": 0,
   "sign_pos": 12,
   "sign_p": 0.00048828125,
   "t": 95.95805210865412
  }
 },
 "acc_gap": 0.02677408854166663,
 "verdict": {
  "wm_beats_shuf": true,
  "wm_beats_unif": false,
  "rt_beats_shuf": true,
  "rt_beats_unif": false
 }
}