{
 "hidden": 48,
 "seeds": 3,
 "steps": 700,
 "max_delay": 30,
 "curve": [
  {
   "velocity": 0.04,
   "max_delay": 30,
   "distance_wmt": 11.152298321321341,
   "distance_std": 0.10249676759464597,
   "shuffled_wmt": 13.39546972811299,
   "shuffled_std": 0.4228062717831019,
   "reduction": 2.2431714067916495,
   "rel_reduction": 0.1674574652590541,
   "sigma": 7.291816438593276,
   "distance_acc": 0.9807942708333334,
   "shuffled_acc": 0.9794921875,
   "distance_cws": [
    11.081876980613165,
    11.297231401103375,
    11.077786582247485
   ],
   "shuffled_cws": [
    13.560050904558882,
    13.811006913782233,
    12.815351365997852
   ]
  },
  {
   "velocity": 0.08,
   "max_delay": 30,
   "distance_wmt": 6.2835334257611635,
   "distance_std": 0.04144419871058525,
   "shuffled_wmt": 7.629645861653788,
   "shuffled_std": 0.08890111074611994,
   "reduction": 1.3461124358926249,
   "rel_reduction": 0.17643183708980328,
   "sigma": 19.40821363092317,
   "distance_acc": 0.998046875,
   "shuffled_acc": 0.9977213541666666,
   "distance_cws": [
    6.284845750878439,
    6.333623107980533,
    6.232131418424518
   ],
   "shuffled_cws": [
    7.516614710307251,
    7.733838269822494,
    7.638484604831622
   ]
  },
  {
   "velocity": 0.16,
   "max_delay": 30,
   "distance_wmt": 3.646379047334426,
   "distance_std": 0.02963591438911652,
   "shuffled_wmt": 4.049890759466159,
   "shuffled_std": 0.028494021131112202,
   "reduction": 0.40351171213173265,
   "rel_reduction": 0.09963520894704005,
   "sigma": 13.880416820888433,
   "distance_acc": 0.998046875,
   "shuffled_acc": 0.9977213541666666,
   "distance_cws": [
    3.642097780603947,
    3.68462624795419,
    3.6124131134451427
   ],
   "shuffled_cws": [
    4.014297220920859,
    4.084048728899512,
    4.051326328578104
   ]
  },
  {
   "velocity": 0.4,
   "max_delay": 30,
   "distance_wmt": 1.5633515743299646,
   "distance_std": 0.027477600068436643,
   "shuffled_wmt": 1.6684341151517117,
   "shuffled_std": 0.018673240833807104,
   "reduction": 0.10508254082174706,
   "rel_reduction": 0.06298273321341737,
   "sigma": 4.473200501711249,
   "distance_acc": 0.9977213541666666,
   "shuffled_acc": 0.9973958333333334,
   "distance_cws": [
    1.5440024035094024,
    1.6022106581888904,
    1.5438416612916006
   ],
   "shuffled_cws": [
    1.6568913299259218,
    1.6947750961605739,
    1.6536359193686396
   ]
  }
 ],
 "all_positive": true,
 "monotone": true,
 "trend": 0.962804497967785
}