{
 "params": {
  "hidden": 56,
  "steps": 700,
  "seeds": 3,
  "velocity": 0.08,
  "max_delay": 14
 },
 "scale_matched": {
  "2d": {
   "distance": {
    "C_mean": 3.4810769924976843,
    "C_std": 0.003139170739730645,
    "acc_mean": 0.9977213541666666,
    "C_all": [
     3.47672188888369,
     3.4840004623855068,
     3.4825086262238565
    ],
    "acc_all": [
     0.9970703125,
     0.998046875,
     0.998046875
    ]
   },
   "shuffled": {
    "C_mean": 4.259889282783788,
    "C_std": 0.010506055730683552,
    "acc_mean": 0.9977213541666666,
    "C_all": [
     4.271493371729302,
     4.246051402926157,
     4.262123073695904
    ],
    "acc_all": [
     0.9970703125,
     0.998046875,
     0.998046875
    ]
   },
   "_tau_diag": {
    "distance": {
     "tau_mean": 6.0064935064935066,
     "tau_max": 14.0,
     "tau_min": 2.0,
     "frac_saturated": 0.0012987012987012987,
     "rms_radius": 0.5068968534469604
    },
    "shuffled": {
     "tau_mean": 6.0064935064935066,
     "tau_max": 14.0,
     "tau_min": 2.0,
     "frac_saturated": 0.0012987012987012987,
     "rms_radius": 0.5068968534469604
    }
   },
   "gap": 0.7788122902861034,
   "paired_mean_diff": 0.7788122902861033,
   "paired_t": 82.37809779217754
  },
  "3d": {
   "distance": {
    "C_mean": 3.6216144584515626,
    "C_std": 0.016382499206897407,
    "acc_mean": 0.9970703125,
    "C_all": [
     3.63143488200677,
     3.6348769977395863,
     3.5985314956083325
    ],
    "acc_all": [
     0.99609375,
     0.998046875,
     0.9970703125
    ]
   },
   "shuffled": {
    "C_mean": 4.531837257968314,
    "C_std": 0.04153237054366511,
    "acc_mean": 0.9967447916666666,
    "C_all": [
     4.503530684337664,
     4.590560266809178,
     4.501420822758098
    ],
    "acc_all": [
     0.9951171875,
     0.998046875,
     0.9970703125
    ]
   },
   "_tau_diag": {
    "distance": {
     "tau_mean": 5.974025974025974,
     "tau_max": 12.0,
     "tau_min": 2.0,
     "frac_saturated": 0.0,
     "rms_radius": 0.6272352337837219
    },
    "shuffled": {
     "tau_mean": 5.974025974025974,
     "tau_max": 12.0,
     "tau_min": 2.0,
     "frac_saturated": 0.0,
     "rms_radius": 0.6272352337837219
    }
   },
   "gap": 0.9102227995167511,
   "paired_mean_diff": 0.9102227995167506,
   "paired_t": 37.2940769131269
  }
 },
 "raw": {
  "2d": {
   "distance": {
    "C_mean": 4.775313014973366,
    "C_std": 0.002698893028961215,
    "acc_mean": 0.9977213541666666,
    "C_all": [
     4.773668960039607,
     4.779118136120261,
     4.77315194876023
    ],
    "acc_all": [
     0.9970703125,
     0.998046875,
     0.998046875
    ]
   },
   "shuffled": {
    "C_mean": 5.8205147082197115,
    "C_std": 0.008986089683312272,
    "acc_mean": 0.9977213541666666,
    "C_all": [
     5.831397301087345,
     5.820756860655446,
     5.809389962916344
    ],
    "acc_all": [
     0.9970703125,
     0.998046875,
     0.998046875
    ]
   },
   "_tau_diag": {
    "distance": {
     "tau_mean": 8.17012987012987,
     "tau_max": 14.0,
     "tau_min": 2.0,
     "frac_saturated": 0.08116883116883117,
     "rms_radius": 0.5068968534469604
    },
    "shuffled": {
     "tau_mean": 8.17012987012987,
     "tau_max": 14.0,
     "tau_min": 2.0,
     "frac_saturated": 0.08116883116883117,
     "rms_radius": 0.5068968534469604
    }
   },
   "gap": 1.0452016932463453,
   "paired_mean_diff": 1.045201693246346,
   "paired_t": 161.93516644389246
  },
  "3d": {
   "distance": {
    "C_mean": 6.448209819963957,
    "C_std": 0.034759949460621886,
    "acc_mean": 0.9970703125,
    "C_all": [
     6.461795880202158,
     6.482330667138024,
     6.400502912551687
    ],
    "acc_all": [
     0.99609375,
     0.998046875,
     0.9970703125
    ]
   },
   "shuffled": {
    "C_mean": 7.7923862738344205,
    "C_std": 0.06724070796361092,
    "acc_mean": 0.9967447916666666,
    "C_all": [
     7.747411253259378,
     7.887433448222441,
     7.742314120021442
    ],
    "acc_all": [
     0.9951171875,
     0.998046875,
     0.9970703125
    ]
   },
   "_tau_diag": {
    "distance": {
     "tau_mean": 10.025974025974026,
     "tau_max": 14.0,
     "tau_min": 4.0,
     "frac_saturated": 0.22727272727272727,
     "rms_radius": 0.6272352337837219
    },
    "shuffled": {
     "tau_mean": 10.025974025974026,
     "tau_max": 14.0,
     "tau_min": 4.0,
     "frac_saturated": 0.22727272727272727,
     "rms_radius": 0.6272352337837219
    }
   },
   "gap": 1.344176453870464,
   "paired_mean_diff": 1.3441764538704641,
   "paired_t": 38.94660943385533
  }
 },
 "headline": {
  "scale_matched_gap_2d": 0.7788122902861034,
  "scale_matched_gap_3d": 0.9102227995167511,
  "raw_gap_2d": 1.0452016932463453,
  "raw_gap_3d": 1.344176453870464,
  "claim_3d_bigger_scale_matched": true
 }
}