{
 "params": {
  "hidden": 48,
  "seeds": 3,
  "steps": 2500,
  "noises": [
   0.0,
   0.2,
   0.4,
   0.6,
   0.8
  ],
  "vels": [
   0.05,
   0.1
  ],
  "max_delay": 16,
  "delay_steps": 6,
  "n_choices": 4,
  "task": "MemoryPro",
  "demand_axis": "input_noise"
 },
 "runs": {
  "v0.05|noise0.0|0|no-delay": {
   "acc": 1.0,
   "wmean": 1.610174456863248,
   "raw": 54.98444427571515,
   "kappa": 0.2025405437176899,
   "secs": 35.5
  },
  "v0.05|noise0.0|0|distance": {
   "acc": 1.0,
   "wmean": 1.0336203970028999,
   "raw": 45.94410805650761,
   "kappa": 0.3834297343846716,
   "secs": 105.5
  },
  "v0.05|noise0.0|0|shuffled": {
   "acc": 1.0,
   "wmean": 1.017337430373821,
   "raw": 47.59578613055191,
   "kappa": -0.0017396512564402855,
   "secs": 108.4
  },
  "v0.05|noise0.0|1|no-delay": {
   "acc": 1.0,
   "wmean": 2.2896181159477154,
   "raw": 87.25928678863193,
   "kappa": 0.23911681811670754,
   "secs": 91.6
  },
  "v0.05|noise0.0|1|distance": {
   "acc": 1.0,
   "wmean": 1.0242564922433766,
   "raw": 45.95871201289688,
   "kappa": 0.47947328988316856,
   "secs": 124.0
  },
  "v0.05|noise0.0|1|shuffled": {
   "acc": 1.0,
   "wmean": 1.0106273172209301,
   "raw": 43.837968463072166,
   "kappa": -0.004165827003925808,
   "secs": 129.0
  },
  "v0.05|noise0.0|2|no-delay": {
   "acc": 1.0,
   "wmean": 1.243831698464142,
   "raw": 45.56732142557263,
   "kappa": 0.13198058117962497,
   "secs": 56.7
  },
  "v0.05|noise0.0|2|distance": {
   "acc": 1.0,
   "wmean": 1.0170335939677388,
   "raw": 45.66567896828205,
   "kappa": 0.41376579275760034,
   "secs": 151.3
  },
  "v0.05|noise0.0|2|shuffled": {
   "acc": 1.0,
   "wmean": 1.0067339803329673,
   "raw": 45.634319958235416,
   "kappa": -0.0009255067380753276,
   "secs": 177.1
  },
  "v0.05|noise0.2|0|no-delay": {
   "acc": 0.998046875,
   "wmean": 9.329955292174922,
   "raw": 1322.2059691688337,
   "kappa": 0.3886014196966412,
   "secs": 76.5
  },
  "v0.05|noise0.2|0|distance": {
   "acc": 0.9931640625,
   "wmean": 5.176670797042177,
   "raw": 515.712241922156,
   "kappa": 0.49509642846818624,
   "secs": 135.8
  },
  "v0.05|noise0.2|0|shuffled": {
   "acc": 0.9931640625,
   "wmean": 3.3208034762472467,
   "raw": 234.19503379274283,
   "kappa": 0.00043712349343288454,
   "secs": 129.2
  },
  "v0.05|noise0.2|1|no-delay": {
   "acc": 0.998046875,
   "wmean": 9.69829990088063,
   "raw": 1429.7461432138225,
   "kappa": 0.33962186989912074,
   "secs": 61.8
  },
  "v0.05|noise0.2|1|distance": {
   "acc": 0.9951171875,
   "wmean": 5.388357184315514,
   "raw": 516.3325687190081,
   "kappa": 0.5090358221288829,
   "secs": 120.1
  },
  "v0.05|noise0.2|1|shuffled": {
   "acc": 0.9931640625,
   "wmean": 2.330189685843183,
   "raw": 132.3784259225405,
   "kappa": -0.0049318303939859575,
   "secs": 116.7
  },
  "v0.05|noise0.2|2|no-delay": {
   "acc": 0.998046875,
   "wmean": 8.997142634303495,
   "raw": 1288.296757206549,
   "kappa": 0.3311212155840263,
   "secs": 51.3
  },
  "v0.05|noise0.2|2|distance": {
   "acc": 0.9931640625,
   "wmean": 5.030392253181493,
   "raw": 473.6812494357664,
   "kappa": 0.4926880687946475,
   "secs": 113.7
  },
  "v0.05|noise0.2|2|shuffled": {
   "acc": 0.9931640625,
   "wmean": 2.030579790127899,
   "raw": 118.25506015131657,
   "kappa": -0.006196915870067886,
   "secs": 154.8
  },
  "v0.05|noise0.4|0|no-delay": {
   "acc": 0.9375,
   "wmean": 12.056226386626241,
   "raw": 3552.476305502758,
   "kappa": 0.25029711362880225,
   "secs": 92.3
  },
  "v0.05|noise0.4|0|distance": {
   "acc": 0.9453125,
   "wmean": 9.418727918688806,
   "raw": 2615.5498148239567,
   "kappa": 0.49006800437334613,
   "secs": 221.8
  },
  "v0.05|noise0.4|0|shuffled": {
   "acc": 0.939453125,
   "wmean": 10.779520858544632,
   "raw": 2753.183645432131,
   "kappa": 0.0037347766732608546,
   "secs": 367.3
  },
  "v0.05|noise0.4|1|no-delay": {
   "acc": 0.91796875,
   "wmean": 12.201000011412178,
   "raw": 3358.172591703071,
   "kappa": 0.2708437540870526,
   "secs": 114.0
  },
  "v0.05|noise0.4|1|distance": {
   "acc": 0.94140625,
   "wmean": 9.446794527232441,
   "raw": 2764.398807620135,
   "kappa": 0.4892901368387769,
   "secs": 115.8
  },
  "v0.05|noise0.4|1|shuffled": {
   "acc": 0.935546875,
   "wmean": 10.850990922723707,
   "raw": 2813.9227568228875,
   "kappa": 0.0011576581140245036,
   "secs": 114.0
  },
  "v0.05|noise0.4|2|no-delay": {
   "acc": 0.9453125,
   "wmean": 12.039031157708036,
   "raw": 4046.830971479183,
   "kappa": 0.20920433645769043,
   "secs": 56.8
  },
  "v0.05|noise0.4|2|distance": {
   "acc": 0.94140625,
   "wmean": 9.366650224030007,
   "raw": 2728.8015197576897,
   "kappa": 0.488094607940712,
   "secs": 97.4
  },
  "v0.05|noise0.4|2|shuffled": {
   "acc": 0.9345703125,
   "wmean": 10.473792263227146,
   "raw": 2599.4467374171363,
   "kappa": -0.003721482811548913,
   "secs": 85.8
  },
  "v0.05|noise0.6|0|no-delay": {
   "acc": 0.7978515625,
   "wmean": 12.090939611356701,
   "raw": 3406.0222639479907,
   "kappa": 0.25154986570377863,
   "secs": 40.6
  },
  "v0.05|noise0.6|0|distance": {
   "acc": 0.8349609375,
   "wmean": 9.655965274062448,
   "raw": 2653.994861636156,
   "kappa": 0.4861368537430028,
   "secs": 87.7
  },
  "v0.05|noise0.6|0|shuffled": {
   "acc": 0.83203125,
   "wmean": 11.116420413551534,
   "raw": 3006.3427438306826,
   "kappa": 0.010004971820671074,
   "secs": 91.7
  },
  "v0.05|noise0.6|1|no-delay": {
   "acc": 0.77734375,
   "wmean": 12.224522713106865,
   "raw": 3163.3202089010447,
   "kappa": 0.21780971964813323,
   "secs": 45.9
  },
  "v0.05|noise0.6|1|distance": {
   "acc": 0.84375,
   "wmean": 9.730595654648765,
   "raw": 2885.050045638003,
   "kappa": 0.4887866318264372,
   "secs": 83.8
  },
  "v0.05|noise0.6|1|shuffled": {
   "acc": 0.828125,
   "wmean": 11.161053461928185,
   "raw": 3051.069200507656,
   "kappa": 0.007820081753487114,
   "secs": 106.5
  },
  "v0.05|noise0.6|2|no-delay": {
   "acc": 0.8525390625,
   "wmean": 12.083586900759252,
   "raw": 4355.697938791127,
   "kappa": 0.15997839559351124,
   "secs": 45.9
  },
  "v0.05|noise0.6|2|distance": {
   "acc": 0.8359375,
   "wmean": 9.692764098869413,
   "raw": 2911.6261144256277,
   "kappa": 0.4890005104132219,
   "secs": 93.9
  },
  "v0.05|noise0.6|2|shuffled": {
   "acc": 0.8388671875,
   "wmean": 10.95945561845361,
   "raw": 3001.5289344490157,
   "kappa": -0.008398984491100837,
   "secs": 94.5
  },
  "v0.05|noise0.8|0|no-delay": {
   "acc": 0.646484375,
   "wmean": 11.725587883804476,
   "raw": 2697.586930738413,
   "kappa": 0.2748995074979575,
   "secs": 84.2
  },
  "v0.05|noise0.8|0|distance": {
   "acc": 0.7216796875,
   "wmean": 9.595037934476206,
   "raw": 2181.9153743615825,
   "kappa": 0.4906439807891993,
   "secs": 175.8
  },
  "v0.05|noise0.8|0|shuffled": {
   "acc": 0.7158203125,
   "wmean": 10.776582633856671,
   "raw": 2239.7726653859063,
   "kappa": -0.001661428585552553,
   "secs": 95.1
  },
  "v0.05|noise0.8|1|no-delay": {
   "acc": 0.6435546875,
   "wmean": 11.927828787715997,
   "raw": 2623.108023760258,
   "kappa": 0.22417195911117496,
   "secs": 51.3
  },
  "v0.05|noise0.8|1|distance": {
   "acc": 0.716796875,
   "wmean": 9.66616892768914,
   "raw": 2410.4583980610587,
   "kappa": 0.4921926143024938,
   "secs": 83.6
  },
  "v0.05|noise0.8|1|shuffled": {
   "acc": 0.6953125,
   "wmean": 10.740360371381932,
   "raw": 2258.1234023273646,
   "kappa": 0.024669246734888562,
   "secs": 103.8
  },
  "v0.05|noise0.8|2|no-delay": {
   "acc": 0.6533203125,
   "wmean": 11.579110294688506,
   "raw": 2626.3682279867353,
   "kappa": 0.32697846994298624,
   "secs": 94.4
  },
  "v0.05|noise0.8|2|distance": {
   "acc": 0.724609375,
   "wmean": 9.646145583041072,
   "raw": 2356.60182039137,
   "kappa": 0.4873519356960023,
   "secs": 151.2
  },
  "v0.05|noise0.8|2|shuffled": {
   "acc": 0.712890625,
   "wmean": 10.62782762738564,
   "raw": 2269.8598214000667,
   "kappa": 0.0035030025837957993,
   "secs": 111.6
  },
  "v0.1|noise0.0|0|no-delay": {
   "acc": 1.0,